Delta,Time,CPU_FREQUENCY_0,CPU_FREQUENCY_1,CPU_FREQUENCY_10,CPU_FREQUENCY_11,CPU_FREQUENCY_2,CPU_FREQUENCY_3,CPU_FREQUENCY_4,CPU_FREQUENCY_5,CPU_FREQUENCY_6,CPU_FREQUENCY_7,CPU_FREQUENCY_8,CPU_FREQUENCY_9,CPU_USAGE_0,CPU_USAGE_1,CPU_USAGE_10,CPU_USAGE_11,CPU_USAGE_2,CPU_USAGE_3,CPU_USAGE_4,CPU_USAGE_5,CPU_USAGE_6,CPU_USAGE_7,CPU_USAGE_8,CPU_USAGE_9,DRAM_ENERGY (J),PACKAGE_ENERGY (J),PP0_ENERGY (J),PP1_ENERGY (J),TOTAL_MEMORY,TOTAL_SWAP,USED_MEMORY,USED_SWAP
0,1740651549574,1200,1200,800,800,1200,1200,1200,1199,1200,1200,1200,1200,32.14285659790039,7.692307949066162,24,11.111111640930176,32.14285659790039,30.76923179626465,7.407407283782959,14.285715103149414,14.285715103149414,7.407407283782959,3.846153974533081,7.407407283782959,15564.674865722656,127468.18341064453,100985.19915771484,130.94537353515625,16567197696,2147479552,2631606272,786432
199,1740651549574,1200,1200,800,800,1200,1200,1200,1199,1200,1200,1200,1200,32.14285659790039,7.692307949066162,24,11.111111640930176,32.14285659790039,30.76923179626465,7.407407283782959,14.285715103149414,14.285715103149414,7.407407283782959,3.846153974533081,7.407407283782959,15564.675842285156,127468.19073486328,100985.20422363281,130.94537353515625,16567197696,2147479552,2631606272,786432
199,1740651549774,1200,1200,800,800,1200,1200,1200,1199,1200,1200,1200,1200,31.57894515991211,0,28.571430206298828,50,30.000001907348633,23.809524536132813,0,10,0,0,0,0,15564.793090820313,127469.11743164063,100985.96368408203,130.94537353515625,16567197696,2147479552,2630410240,786432
199,1740651549974,1200,1200,800,800,1200,1200,1200,1199,1200,1200,1200,1200,65,0,0,30.000001907348633,0,15.789472579956055,19.047618865966797,0,0,0,19.047618865966797,0,15564.911071777344,127469.98663330078,100986.66174316406,130.94537353515625,16567197696,2147479552,2632126464,786432
199,1740651550175,1200,1200,800,800,1200,1200,1200,1199,1200,1200,1200,1200,15.000000953674316,10,0,5,0,26.3157901763916,30.000001907348633,26.3157901763916,0,0,10.526315689086914,0,15565.031433105469,127470.84973144531,100987.35272216797,130.94537353515625,16567197696,2147479552,2634616832,786432
199,1740651550375,1200,1200,800,800,1200,1200,1200,1199,1200,1200,1200,1200,35,20,15.000000953674316,21.052631378173828,0,0,31.57894515991211,0,0,0,0,10,15565.153015136719,127471.6884765625,100988.02062988281,130.94537353515625,16567197696,2147479552,2632798208,786432
199,1740651550575,1200,1200,800,800,1200,1200,1200,1199,1200,1200,1200,1200,42.105262756347656,21.052631378173828,0,20,28.571430206298828,13.636363983154297,0,0,0,0,0,0,15565.269287109375,127472.52813720703,100988.69128417969,130.94537353515625,16567197696,2147479552,2631442432,786432
199,1740651550775,1200,1200,800,800,1200,1200,1200,1199,1200,1200,1200,1200,35,25,15.000000953674316,25,0,20,0,9.090909004211426,0,0,0,0,15565.386962890625,127473.37524414063,100989.36541748047,130.94537353515625,16567197696,2147479552,2633957376,786432
199,1740651550975,1200,1200,800,800,1200,1200,1200,1199,1200,1200,1200,1200,15.000000953674316,11.111111640930176,25,0,25,0,0,25,0,0,0,0,15565.502807617188,127474.2064819336,100990.02850341797,130.94537353515625,16567197696,2147479552,2636279808,786432
199,1740651551175,1200,1200,800,800,1200,1200,1200,1199,1200,1200,1200,1200,15.000000953674316,11.111111640930176,25,0,25,0,0,25,0,0,0,0,15565.61962890625,127475.0404663086,100990.69036865234,130.94537353515625,16567197696,2147479552,2636189696,786432
199,1740651551375,1200,1200,800,800,1200,1200,1200,1199,1200,1200,1200,1200,22.5,23.076923370361328,5.128205299377441,0,30.76923179626465,0,5,17.948719024658203,0,0,0,15.000000953674316,15565.736450195313,127475.87420654297,100991.35650634766,130.94537353515625,16567197696,2147479552,2637615104,786432
199,1740651551575,1200,1200,800,800,1200,1200,1200,1199,1200,1200,1200,1200,10,16.666667938232422,0,0,28.571430206298828,0,0,5.263157844543457,0,0,0,52.6315803527832,15565.852722167969,127476.69610595703,100992.00927734375,130.94537353515625,16567197696,2147479552,2636435456,786432
199,1740651551775,1200,1200,800,800,1200,1200,1200,1199,1200,1200,1200,1200,0,20,0,0,30.000001907348633,52.38095474243164,5.263157844543457,14.285715103149414,0,0,0,0,15565.969055175781,127477.52374267578,100992.66821289063,130.94537353515625,16567197696,2147479552,2635452416,786432
199,1740651551976,1200,1200,800,800,1200,1200,1200,1199,1200,1200,1200,1200,10.526315689086914,25,0,0,0,52.6315803527832,0,28.571430206298828,0,0,0,0,15566.0859375,127478.3588256836,100993.3349609375,130.94537353515625,16567197696,2147479552,2636214272,786432
199,1740651552176,1200,1200,800,800,1200,1200,1200,1199,1200,1200,1200,1200,57.142860412597656,21.052631378173828,0,0,5,25,4.761904716491699,5.263157844543457,4.761904716491699,0,0,0,15566.20263671875,127479.19860839844,100994.00524902344,130.94537353515625,16567197696,2147479552,2639564800,786432
199,1740651552376,1200,1200,800,800,1200,1200,1200,1199,1200,1200,1200,1200,15.000000953674316,15.789472579956055,0,0,0,26.3157901763916,10,50,0,0,0,0,15566.318542480469,127480.01892089844,100994.65692138672,130.94537353515625,16567197696,2147479552,2640171008,786432
199,1740651552576,1200,1200,800,800,1200,1200,1200,1199,1200,1200,1200,1200,15.000000953674316,21.052631378173828,0,0,0,9.523809432983398,5.263157844543457,65,0,0,0,0,15566.435302734375,127480.85961914063,100995.32690429688,130.94537353515625,16567197696,2147479552,2642223104,786432
199,1740651552776,1200,1200,800,800,1200,1200,1200,1199,1200,1200,1200,1200,20,21.052631378173828,0,0,10,0,35,0,33.333335876464844,0,0,0,15566.552978515625,127481.70440673828,100995.99731445313,130.94537353515625,16567197696,2147479552,2645569536,786432
199,1740651552976,1200,1200,800,800,1200,1200,1200,1199,1200,1200,1200,1200,5.263157844543457,15.000000953674316,38.095237731933594,0,57.894737243652344,0,0,4.761904716491699,0,0,4.761904716491699,0,15566.669067382813,127482.52807617188,100996.65325927734,130.94537353515625,16567197696,2147479552,2647367680,786432
199,1740651553176,1200,1200,800,800,1200,1200,1200,1199,1200,1200,1200,1200,5.263157844543457,15.000000953674316,38.095237731933594,0,57.894737243652344,0,0,4.761904716491699,0,0,4.761904716491699,0,15566.785766601563,127483.37432861328,100997.3296508789,130.94537353515625,16567197696,2147479552,2647482368,786432
199,1740651553376,1200,1200,800,800,1200,1200,1200,1199,1200,1200,1200,1200,20,28.571430206298828,26.3157901763916,0,21.052631378173828,15.000000953674316,0,0,0,5,0,0,15566.902282714844,127484.21032714844,100997.99682617188,130.94537353515625,16567197696,2147479552,2647465984,786432
199,1740651553576,1200,1200,800,800,1200,1200,1200,1199,1200,1200,1200,1200,55,0,4.761904716491699,0,21.052631378173828,10,0,10,0,20,0,0,15567.018249511719,127485.04541015625,100998.66302490234,130.94537353515625,16567197696,2147479552,2648674304,786432
199,1740651553777,1200,1200,800,800,1200,1200,1200,1199,1200,1200,1200,1200,35,26.3157901763916,0,10,15.789472579956055,0,28.571430206298828,0,0,0,0,0,15567.134704589844,127485.88232421875,100999.3305053711,130.94537353515625,16567197696,2147479552,2650423296,786432
199,1740651553977,1200,1200,800,800,1200,1200,1200,1199,1200,1200,1200,1200,10,20,0,0,21.052631378173828,25,36.842105865478516,0,0,0,0,0,15567.251892089844,127486.72247314453,100999.9966430664,130.94537353515625,16567197696,2147479552,2650267648,786432
199,1740651554177,1200,1200,800,800,1200,1200,1200,1199,1200,1200,1200,1200,31.57894515991211,15.000000953674316,0,0,25,30.000001907348633,20,5,0,0,0,0,15567.369140625,127487.60479736328,101000.66833496094,130.94537353515625,16567197696,2147479552,2650259456,786432
199,1740651554377,1200,1200,800,800,1200,1200,1200,1199,1200,1200,1200,1200,10,25,0,0,5,20,25,30.000001907348633,0,0,0,0,15567.485107421875,127488.42370605469,101001.31964111328,130.94537353515625,16567197696,2147479552,2649178112,786432
199,1740651554577,1200,1200,800,800,1200,1200,1200,1199,1200,1200,1200,1200,21.052631378173828,26.3157901763916,0,0,0,21.052631378173828,10,10,0,0,25,0,15567.602783203125,127489.27026367188,101001.9906616211,130.94537353515625,16567197696,2147479552,2648166400,786432
199,1740651554777,1200,1200,800,800,1200,1200,1200,1199,1200,1200,1200,1200,19.047618865966797,40,0,0,0,21.052631378173828,5,30.000001907348633,0,0,10,0,15567.719543457031,127490.1137084961,101002.66381835938,130.94537353515625,16567197696,2147479552,2648190976,786432
199,1740651554977,1200,1200,800,800,1200,1200,1200,1199,1200,1200,1200,1200,26.3157901763916,10,0,0,0,20,25,5.263157844543457,0,0,26.3157901763916,0,15567.835693359375,127490.94140625,101003.32250976563,130.94537353515625,16567197696,2147479552,2647826432,786432
199,1740651555177,1200,1200,800,800,1200,1200,1200,1199,1200,1200,1200,1200,20,10,0,0,9.523809432983398,15.789472579956055,55,4.761904716491699,0,0,5,0,15567.952331542969,127491.81555175781,101003.98583984375,130.94537353515625,16567197696,2147479552,2649444352,786432
199,1740651555378,1200,1200,800,800,1200,1200,1200,1199,1200,1200,1200,1200,35,9.523809432983398,31.57894515991211,0,21.052631378173828,10,4.761904716491699,5.263157844543457,0,4.761904716491699,0,0,15568.069946289063,127492.66552734375,101004.66607666016,130.94537353515625,16567197696,2147479552,2646683648,786432
199,1740651555578,1200,1200,800,800,1200,1200,1200,1199,1200,1200,1200,1200,35,9.523809432983398,31.57894515991211,0,21.052631378173828,10,4.761904716491699,5.263157844543457,0,4.761904716491699,0,0,15568.186157226563,127493.5043334961,101005.33575439453,130.94537353515625,16567197696,2147479552,2647052288,786432
199,1740651555778,1200,1200,800,800,1200,1200,1200,1199,1200,1200,1200,1200,36.842105865478516,22.22222328186035,4.761904716491699,0,15.789472579956055,10,0,25,0,0,0,0,15568.301574707031,127494.32202148438,101005.984375,130.94537353515625,16567197696,2147479552,2650128384,786432
199,1740651555978,1200,1200,800,800,1200,1200,1200,1199,1200,1200,1200,1200,35,10,0,0,21.052631378173828,42.85714340209961,0,5.263157844543457,0,4.761904716491699,0,0,15568.419311523438,127495.16143798828,101006.64849853516,130.94537353515625,16567197696,2147479552,2652393472,786432
199,1740651556178,1200,1200,800,800,1200,1200,1200,1199,1200,1200,1200,1200,0,9.523809432983398,0,4.761904716491699,21.052631378173828,47.36842346191406,0,30.000001907348633,5.263157844543457,0,0,0,15568.536254882813,127495.99676513672,101007.31964111328,130.94537353515625,16567197696,2147479552,2653782016,786432
199,1740651556378,1200,1200,800,800,1200,1200,1200,1199,1200,1200,1200,1200,35,0,0,0,0,21.052631378173828,25,35,0,0,0,0,15568.652465820313,127496.83612060547,101007.98522949219,130.94537353515625,16567197696,2147479552,2647990272,786432
199,1740651556578,1200,1200,800,800,1200,1200,1200,1199,1200,1200,1200,1200,0,26.3157901763916,0,0,15.000000953674316,15.789472579956055,25,30.000001907348633,0,0,0,0,15568.768981933594,127497.64971923828,101008.62921142578,130.94537353515625,16567197696,2147479552,2646372352,786432
199,1740651556778,1200,1200,800,800,1200,1200,1200,1199,1200,1200,1200,1200,5,5.263157844543457,5.263157844543457,0,0,21.052631378173828,14.285715103149414,15.000000953674316,4.761904716491699,0,55,0,15568.885803222656,127498.47485351563,101009.28521728516,130.94537353515625,16567197696,2147479552,2648870912,786432
199,1740651556978,1200,1200,800,800,1200,1200,1200,1199,1200,1200,1200,1200,0,0,0,0,0,25,0,31.57894515991211,0,33.333335876464844,28.571430206298828,0,15569.002868652344,127499.31115722656,101009.95166015625,130.94537353515625,16567197696,2147479552,2650861568,786432
199,1740651557179,1200,1200,800,800,1200,1200,1200,1199,1200,1200,1200,1200,26.3157901763916,9.523809432983398,0,0,0,11.111111640930176,21.052631378173828,0,0,0,35,0,15569.118957519531,127500.13470458984,101010.60668945313,130.94537353515625,16567197696,2147479552,2651123712,786432
199,1740651557379,1200,1200,800,800,1200,1200,1200,1199,1200,1200,1200,1200,21.052631378173828,0,0,0,21.052631378173828,9.523809432983398,30.000001907348633,9.523809432983398,25,0,0,0,15569.23583984375,127500.97637939453,101011.27673339844,130.94537353515625,16567197696,2147479552,2649739264,786432
199,1740651557579,1200,1200,800,800,1200,1200,1200,1199,1200,1200,1200,1200,19.047618865966797,9.523809432983398,0,0,21.052631378173828,10,10,57.894737243652344,0,0,0,0,15569.353332519531,127501.80633544922,101011.93743896484,130.94537353515625,16567197696,2147479552,2650202112,786432
199,1740651557779,1200,1200,800,800,1200,1200,1200,1199,1200,1200,1200,1200,0,15.789472579956055,0,0,25,28.571430206298828,25,25,0,0,0,0,15569.468933105469,127502.63635253906,101012.59851074219,130.94537353515625,16567197696,2147479552,2652123136,786432
199,1740651557979,1200,1200,800,800,1200,1200,1200,1199,1200,1200,1200,1200,10,61.904762268066406,20,0,15.000000953674316,0,10,0,0,0,0,0,15569.586364746094,127503.46380615234,101013.25067138672,130.94537353515625,16567197696,2147479552,2653184000,786432
199,1740651558179,1200,1200,800,800,1200,1200,1200,1199,1200,1200,1200,1200,5.263157844543457,38.88888931274414,35,0,25,0,0,5,0,0,0,14.285715103149414,15569.70361328125,127504.31707763672,101013.93237304688,130.94537353515625,16567197696,2147479552,2652844032,786432
199,1740651558379,1200,1200,800,800,1200,1200,1200,1199,1200,1200,1200,1200,0,28.571430206298828,4.761904716491699,0,26.3157901763916,0,0,20,28.571430206298828,0,0,15.789472579956055,15569.82080078125,127505.14715576172,101014.59313964844,130.94537353515625,16567197696,2147479552,2650202112,786432
199,1740651558579,1200,1200,800,800,1200,1200,1200,1199,1200,1200,1200,1200,10,25,0,25,5.263157844543457,5,5.263157844543457,5,0,0,0,26.3157901763916,15569.93701171875,127505.96337890625,101015.24072265625,130.94537353515625,16567197696,2147479552,2649907200,786432
199,1740651558779,1200,1200,800,800,1200,1200,1200,1199,1200,1200,1200,1200,0,40,0,0,0,21.052631378173828,5,40,10,0,0,0,15570.053649902344,127506.78717041016,101015.89367675781,130.94537353515625,16567197696,2147479552,2649354240,786432
199,1740651558979,1200,1200,800,800,1200,1200,1200,1199,1200,1200,1200,1200,5.263157844543457,28.571430206298828,0,0,0,25,4.761904716491699,10.526315689086914,20,0,35,0,15570.1708984375,127507.62390136719,101016.56091308594,130.94537353515625,16567197696,2147479552,2650918912,786432
199,1740651559180,1200,1200,800,800,1200,1200,1200,1199,1200,1200,1200,1200,10,0,0,0,0,16.666667938232422,26.3157901763916,25,0,31.81818199157715,5,0,15570.287475585938,127508.49621582031,101017.22869873047,130.94537353515625,16567197696,2147479552,2652430336,786432
199,1740651559380,1200,1200,800,800,1200,1200,1200,1199,1200,1200,1200,1200,0,45,0,0,0,20,0,35,0,5.263157844543457,10,0,15570.404541015625,127509.3529663086,101017.87628173828,130.94537353515625,16567197696,2147479552,2650750976,786432
199,1740651559580,1200,1200,800,800,1200,1200,1200,1199,1200,1200,1200,1200,30.000001907348633,21.052631378173828,0,0,28.571430206298828,21.052631378173828,19.047618865966797,4.761904716491699,0,0,4.761904716491699,0,15570.521484375,127510.18957519531,101018.54223632813,130.94537353515625,16567197696,2147479552,2652254208,786432
199,1740651559780,1200,1200,800,800,1200,1200,1200,1199,1200,1200,1200,1200,57.894737243652344,0,0,0,0,25,20,5.263157844543457,0,0,5.263157844543457,0,15570.638366699219,127511.02783203125,101019.21179199219,130.94537353515625,16567197696,2147479552,2655301632,786432
199,1740651559980,1200,1200,800,800,1200,1200,1200,1199,1200,1200,1200,1200,5,0,26.3157901763916,0,50,15.000000953674316,0,15.789472579956055,0,0,0,0,15570.755126953125,127511.8579711914,101019.86779785156,130.94537353515625,16567197696,2147479552,2656436224,786432
199,1740651560180,1200,1200,800,800,1200,1200,1200,1199,1200,1200,1200,1200,40,5,0,10,20,0,0,15.000000953674316,0,0,4.761904716491699,26.3157901763916,15570.872680664063,127512.69329833984,101020.53399658203,130.94537353515625,16567197696,2147479552,2652610560,786432
199,1740651560380,1200,1200,800,800,1200,1200,1200,1199,1200,1200,1200,1200,40,5,0,0,25,10,0,4.761904716491699,35,0,0,4.761904716491699,15570.989929199219,127513.52606201172,101021.19732666016,130.94537353515625,16567197696,2147479552,2650505216,786432
199,1740651560580,1200,1200,800,800,1200,1200,1200,1199,1200,1200,1200,1200,26.3157901763916,5,9.523809432983398,0,20,4.761904716491699,0,30.000001907348633,0,0,0,31.57894515991211,15571.105651855469,127514.35510253906,101021.85778808594,130.94537353515625,16567197696,2147479552,2652999680,786432
199,1740651560781,1200,1200,800,800,1200,1200,1200,1199,1200,1200,1200,1200,28.571430206298828,35,0,5,15.789472579956055,0,0,0,0,0,0,31.81818199157715,15571.22265625,127515.22595214844,101022.51867675781,130.94537353515625,16567197696,2147479552,2652426240,786432
199,1740651560981,1200,1200,800,800,1200,1200,1200,1199,1200,1200,1200,1200,36.842105865478516,5,5,35,25,5.263157844543457,0,0,4.761904716491699,0,0,0,15571.339904785156,127516.06018066406,101023.18347167969,130.94537353515625,16567197696,2147479552,2653040640,786432
199,1740651561181,1200,1200,800,800,1200,1200,1200,1199,1200,1200,1200,1200,0,36.842105865478516,0,20,21.052631378173828,25,5,9.523809432983398,0,0,0,0,15571.456298828125,127516.89086914063,101023.84503173828,130.94537353515625,16567197696,2147479552,2655858688,786432
199,1740651561381,1200,1200,800,800,1200,1200,1200,1199,1200,1200,1200,1200,36.842105865478516,20,0,26.3157901763916,15.789472579956055,19.047618865966797,0,0,0,0,0,0,15571.572875976563,127517.7222290039,101024.50695800781,130.94537353515625,16567197696,2147479552,2650099712,786432
199,1740651561581,1200,1200,800,800,1200,1200,1200,1199,1200,1200,1200,1200,10,15.000000953674316,9.523809432983398,0,21.052631378173828,26.3157901763916,0,35,0,0,0,0,15571.690734863281,127518.56469726563,101025.17492675781,130.94537353515625,16567197696,2147479552,2653638656,786432
199,1740651561781,1200,1200,800,800,1200,1200,1200,1199,1200,1200,1200,1200,9.523809432983398,35,0,35,25,0,0,20,0,0,0,0,15571.8076171875,127519.4009399414,101025.84191894531,130.94537353515625,16567197696,2147479552,2654683136,786432
199,1740651561981,1200,1200,800,800,1200,1200,1200,1199,1200,1200,1200,1200,15.789472579956055,4.761904716491699,30.000001907348633,25,15.789472579956055,25,0,0,0,0,0,0,15571.923706054688,127520.2280883789,101026.50134277344,130.94537353515625,16567197696,2147479552,2654740480,786432
199,1740651562181,1200,1200,800,800,1200,1200,1200,1199,1200,1200,1200,1200,35,0,5.263157844543457,10,23.809524536132813,19.047618865966797,0,30.000001907348633,0,0,0,0,15572.040832519531,127521.05950927734,101027.16174316406,130.94537353515625,16567197696,2147479552,2654257152,786432
199,1740651562381,1200,1200,800,800,1200,1200,1200,1199,1200,1200,1200,1200,0,35,0,0,16.666667938232422,45,0,5.263157844543457,0,0,0,0,15572.157958984375,127521.89123535156,101027.82452392578,130.94537353515625,16567197696,2147479552,2651512832,786432
199,1740651562581,1200,1200,800,800,1200,1200,1200,1199,1200,1200,1200,1200,60.000003814697266,26.3157901763916,4.761904716491699,0,25,5.263157844543457,0,0,0,0,0,0,15572.274230957031,127522.73229980469,101028.49658203125,130.94537353515625,16567197696,2147479552,2649706496,786432
199,1740651562782,1200,1200,800,800,1200,1200,1200,1199,1200,1200,1200,1200,25,35,0,0,20,0,4.761904716491699,35,0,0,0,0,15572.390930175781,127523.57666015625,101029.16088867188,130.94537353515625,16567197696,2147479552,2652332032,786432
199,1740651562982,1200,1200,800,800,1200,1200,1200,1199,1200,1200,1200,1200,36.842105865478516,9.523809432983398,30.000001907348633,0,21.052631378173828,33.333335876464844,0,15.789472579956055,0,10,0,0,15572.508361816406,127524.48266601563,101029.86804199219,130.94537353515625,16567197696,2147479552,2650513408,786432
199,1740651563182,1200,1200,800,800,1200,1200,1200,1199,1200,1200,1200,1200,30.000001907348633,25,0,0,21.052631378173828,0,10,35,0,0,0,0,15572.624633789063,127525.33374023438,101030.53247070313,130.94537353515625,16567197696,2147479552,2650525696,786432
199,1740651563382,1200,1200,800,800,1200,1200,1200,1199,1200,1200,1200,1200,42.105262756347656,0,0,5.263157844543457,15.789472579956055,0,15.000000953674316,30.000001907348633,0,0,0,0,15572.741394042969,127526.18255615234,101031.19207763672,130.94537353515625,16567197696,2147479552,2650173440,786432
199,1740651563582,1200,1200,800,800,1200,1200,1200,1199,1200,1200,1200,1200,14.285715103149414,30.000001907348633,0,0,25,40,5.263157844543457,5,0,0,0,0,15572.858154296875,127527.04901123047,101031.8706665039,130.94537353515625,16567197696,2147479552,2647490560,786432
199,1740651563782,1200,1200,800,800,1200,1200,1200,1199,1200,1200,1200,1200,0,26.3157901763916,0,0,21.052631378173828,10,57.142860412597656,5,0,0,0,0,15572.975341796875,127527.91979980469,101032.54870605469,130.94537353515625,16567197696,2147479552,2651078656,786432
199,1740651563982,1200,1200,800,800,1200,1200,1200,1199,1200,1200,1200,1200,19.047618865966797,47.36842346191406,0,0,15.000000953674316,10,26.3157901763916,0,0,0,0,0,15573.091125488281,127528.77239990234,101033.2134399414,130.94537353515625,16567197696,2147479552,2650497024,786432
199,1740651564182,1200,1200,800,800,1200,1200,1200,1199,1200,1200,1200,1200,10,5,0,0,25,5,4.761904716491699,5.263157844543457,38.095237731933594,30.000001907348633,0,0,15573.207885742188,127529.62908935547,101033.88409423828,130.94537353515625,16567197696,2147479552,2651684864,786432
199,1740651564383,1200,1200,800,800,1200,1200,1200,1199,1200,1200,1200,1200,45,4.761904716491699,15.000000953674316,0,22.22222328186035,5,0,38.095237731933594,0,0,0,0,15573.3251953125,127530.5297241211,101034.55871582031,130.94537353515625,16567197696,2147479552,2644795392,786432
199,1740651564583,1200,1200,800,800,1200,1200,1200,1199,1200,1200,1200,1200,45,4.761904716491699,15.000000953674316,0,22.22222328186035,5,0,38.095237731933594,0,0,0,0,15573.44091796875,127531.43157958984,101035.23327636719,130.94537353515625,16567197696,2147479552,2645852160,786432
199,1740651564783,1200,1200,800,800,1200,1200,1200,1199,1200,1200,1200,1200,2.5,33.333335876464844,0,17.5,17.948719024658203,12.5,0,30.76923179626465,0,0,0,0,15573.557495117188,127532.27917480469,101035.8935546875,130.94537353515625,16567197696,2147479552,2645868544,786432
199,1740651564983,1200,1200,800,800,1200,1200,1200,1199,1200,1200,1200,1200,26.3157901763916,35,10,0,25,15.789472579956055,0,10,0,0,0,0,15573.67529296875,127533.1400756836,101036.56616210938,130.94537353515625,16567197696,2147479552,2646122496,786432
199,1740651565183,1200,1200,800,800,1200,1200,1200,1199,1200,1200,1200,1200,5,28.571430206298828,28.571430206298828,0,21.052631378173828,20,0,19.047618865966797,0,0,0,0,15573.79150390625,127533.99993896484,101037.23864746094,130.94537353515625,16567197696,2147479552,2648526848,786432
199,1740651565383,1200,1200,800,800,1200,1200,1200,1199,1200,1200,1200,1200,33.333335876464844,5.263157844543457,21.052631378173828,0,15.789472579956055,5.263157844543457,0,0,0,30.000001907348633,0,0,15573.908020019531,127534.85034179688,101037.89672851563,130.94537353515625,16567197696,2147479552,2648588288,786432
199,1740651565583,1200,1200,800,800,1200,1200,1200,1199,1200,1200,1200,1200,5.263157844543457,47.619049072265625,5,0,36.3636360168457,25,0,0,0,0,0,0,15574.024597167969,127535.71032714844,101038.5687866211,130.94537353515625,16567197696,2147479552,2647146496,786432
199,1740651565783,1200,1200,800,800,1200,1200,1200,1199,1200,1200,1200,1200,14.285715103149414,47.36842346191406,0,0,5.263157844543457,25,0,28.571430206298828,0,0,0,0,15574.141235351563,127536.57061767578,101039.24169921875,130.94537353515625,16567197696,2147479552,2644484096,786432
199,1740651565983,1200,1200,800,800,1200,1200,1200,1199,1200,1200,1200,1200,22.22222328186035,30.000001907348633,0,0,31.57894515991211,20,0,0,0,0,9.523809432983398,0,15574.257385253906,127537.4144897461,101039.90362548828,130.94537353515625,16567197696,2147479552,2640355328,786432
199,1740651566183,1200,1200,800,800,1200,1200,1200,1199,1200,1200,1200,1200,4.761904716491699,45,0,0,0,15.789472579956055,5,9.523809432983398,26.3157901763916,0,11.111111640930176,0,15574.374450683594,127538.24517822266,101040.56164550781,130.94537353515625,16567197696,2147479552,2635890688,786432
199,1740651566384,1200,1200,800,800,1200,1200,1200,1199,1200,1200,1200,1200,0,15.000000953674316,0,0,9.523809432983398,26.3157901763916,25,35,0,10,0,0,15574.491577148438,127539.13153076172,101041.23718261719,130.94537353515625,16567197696,2147479552,2634825728,786432
199,1740651566584,1200,1200,800,800,1200,1200,1200,1199,1200,1200,1200,1200,10,55,0,0,21.052631378173828,25,0,5.263157844543457,0,0,0,0,15574.608947753906,127539.98052978516,101041.91180419922,130.94537353515625,16567197696,2147479552,2636832768,786432
199,1740651566784,1200,1200,800,800,1200,1200,1200,1199,1200,1200,1200,1200,30.000001907348633,5.263157844543457,0,4.761904716491699,30.000001907348633,15.000000953674316,9.523809432983398,0,0,25,0,0,15574.724426269531,127540.80529785156,101042.57250976563,130.94537353515625,16567197696,2147479552,2637590528,786432
199,1740651566984,1200,1200,800,800,1200,1200,1200,1199,1200,1200,1200,1200,5,28.571430206298828,0,0,35,21.052631378173828,5.263157844543457,20,0,0,0,0,15574.842163085938,127541.65344238281,101043.24499511719,130.94537353515625,16567197696,2147479552,2637443072,786432
199,1740651567184,1200,1200,800,800,1200,1200,1200,1199,1200,1200,1200,1200,0,10,0,0,10.526315689086914,25,5,45.45454788208008,0,28.571430206298828,0,0,15574.959167480469,127542.49591064453,101043.91766357422,130.94537353515625,16567197696,2147479552,2641031168,786432
199,1740651567384,1200,1200,800,800,1200,1200,1200,1199,1200,1200,1200,1200,31.57894515991211,22.22222328186035,0,0,14.285715103149414,5.263157844543457,0,5.263157844543457,28.571430206298828,0,0,0,15575.075439453125,127543.33074951172,101044.58264160156,130.94537353515625,16567197696,2147479552,2637127680,786432
199,1740651567584,1200,1200,800,800,1200,1200,1200,1199,1200,1200,1200,1200,42.85714340209961,19.047618865966797,0,0,20,0,26.3157901763916,10,0,0,0,0,15575.191650390625,127544.16375732422,101045.24365234375,130.94537353515625,16567197696,2147479552,2634940416,786432
199,1740651567784,1200,1200,800,800,1200,1200,1200,1199,1200,1200,1200,1200,15.000000953674316,0,0,0,21.052631378173828,20,14.285715103149414,60.000003814697266,0,0,0,0,15575.308532714844,127544.99517822266,101045.90606689453,130.94537353515625,16567197696,2147479552,2635239424,786432
199,1740651567985,1200,1200,800,800,1200,1200,1200,1199,1200,1200,1200,1200,0,10,0,0,25,25,25,33.333335876464844,0,0,0,0,15575.425476074219,127545.83331298828,101046.57403564453,130.94537353515625,16567197696,2147479552,2636165120,786432
199,1740651568185,1200,1200,800,800,1200,1200,1200,1199,1200,1200,1200,1200,5.263157844543457,0,0,0,15.789472579956055,0,52.6315803527832,35,0,0,0,0,15575.541259765625,127546.65966796875,101047.23059082031,130.94537353515625,16567197696,2147479552,2637828096,786432
199,1740651568385,1200,1200,800,800,1200,1200,1200,1199,1200,1200,1200,1200,14.285715103149414,42.105262756347656,0,0,25,28.571430206298828,10,5.263157844543457,0,0,0,0,15575.658630371094,127547.4966430664,101047.89617919922,130.94537353515625,16567197696,2147479552,2639249408,786432
199,1740651568585,1200,1200,800,800,1200,1200,1200,1199,1200,1200,1200,1200,0,25,0,0,21.052631378173828,55,0,15.000000953674316,0,4.761904716491699,0,0,15575.775085449219,127548.32849121094,101048.55841064453,130.94537353515625,16567197696,2147479552,2641207296,786432
199,1740651568785,1200,1200,800,800,1200,1200,1200,1199,1200,1200,1200,1200,35,60.000003814697266,0,0,20,0,0,0,0,0,0,0,15575.891479492188,127549.15979003906,101049.22149658203,130.94537353515625,16567197696,2147479552,2643292160,786432
199,1740651568985,1200,1200,800,800,1200,1200,1200,1199,1200,1200,1200,1200,35,35,4.761904716491699,0,16.666667938232422,5.263157844543457,15.000000953674316,4.761904716491699,0,0,0,0,15576.007934570313,127550.00030517578,101049.88641357422,130.94537353515625,16567197696,2147479552,2644262912,786432
199,1740651569185,1200,1200,800,800,1200,1200,1200,1199,1200,1200,1200,1200,5,30.000001907348633,0,0,25,0,21.052631378173828,31.57894515991211,5.263157844543457,0,0,0,15576.125183105469,127550.83422851563,101050.55041503906,130.94537353515625,16567197696,2147479552,2645041152,786432
199,1740651569385,1200,1200,800,800,1200,1200,1200,1199,1200,1200,1200,1200,40,0,0,0,21.052631378173828,28.571430206298828,28.571430206298828,5,0,0,0,0,15576.241394042969,127551.66748046875,101051.21472167969,130.94537353515625,16567197696,2147479552,2644049920,786432
192,1740651569593,1200,1200,800,800,1200,1200,1200,1199,1200,1200,1200,1200,25,28.571430206298828,0,23.809524536132813,19.047618865966797,0,9.523809432983398,18.18181800842285,0,4.761904716491699,0,0,15576.361755371094,127552.53576660156,101051.90814208984,130.94537353515625,16567197696,2147479552,2646085632,786432
199,1740651569786,1200,1200,800,800,1200,1200,1200,1199,1200,1200,1200,1200,25,28.571430206298828,0,23.809524536132813,19.047618865966797,0,9.523809432983398,18.18181800842285,0,4.761904716491699,0,0,15576.475036621094,127553.38446044922,101052.54962158203,130.94537353515625,16567197696,2147479552,2646769664,786432
199,1740651569986,1200,1200,800,800,1200,1200,1200,1199,1200,1200,1200,1200,17.948719024658203,10.526315689086914,15.000000953674316,0,21.052631378173828,45,0,0,0,0,0,0,15576.592346191406,127554.27258300781,101053.22802734375,130.94537353515625,16567197696,2147479552,2647670784,786432
199,1740651570186,1200,1200,800,800,1200,1200,1200,1199,1200,1200,1200,1200,10,50,0,0,15.789472579956055,26.3157901763916,0,15.000000953674316,0,0,0,0,15576.708190917969,127555.09783935547,101053.88305664063,130.94537353515625,16567197696,2147479552,2649812992,786432
199,1740651570386,1200,1200,800,800,1200,1200,1200,1199,1200,1200,1200,1200,14.285715103149414,40,0,0,21.052631378173828,15.000000953674316,25,5.263157844543457,0,0,0,0,15576.825561523438,127555.93048095703,101054.54571533203,130.94537353515625,16567197696,2147479552,2644729856,786432
199,1740651570586,1200,1200,800,800,1200,1200,1200,1199,1200,1200,1200,1200,5.263157844543457,25,0,0,25,15.000000953674316,5.263157844543457,9.523809432983398,0,30.000001907348633,0,0,15576.942749023438,127556.77667236328,101055.22119140625,130.94537353515625,16567197696,2147479552,2646671360,786432
199,1740651570786,1200,1200,800,800,1200,1200,1200,1199,1200,1200,1200,1200,35,5.263157844543457,0,0,15.789472579956055,25,30.000001907348633,0,0,0,0,0,15577.0595703125,127557.62432861328,101055.89385986328,130.94537353515625,16567197696,2147479552,2647924736,786432
199,1740651570986,1200,1200,800,800,1200,1200,1200,1199,1200,1200,1200,1200,0,15.000000953674316,0,0,20,50,0,0,28.571430206298828,5,0,0,15577.176391601563,127558.44995117188,101056.55065917969,130.94537353515625,16567197696,2147479552,2649419776,786432
199,1740651571186,1200,1200,800,800,1200,1200,1200,1199,1200,1200,1200,1200,10,4.761904716491699,0,0,16.666667938232422,70,0,14.285715103149414,0,10,4.761904716491699,0,15577.293334960938,127559.28692626953,101057.2177734375,130.94537353515625,16567197696,2147479552,2649047040,786432
199,1740651571386,1200,1200,800,800,1200,1200,1200,1199,1200,1200,1200,1200,20,5.263157844543457,0,0,0,25,25,0,35,0,5,5.263157844543457,15577.410461425781,127560.1254272461,101057.88818359375,130.94537353515625,16567197696,2147479552,2646065152,786432
199,1740651571586,1200,1200,800,800,1200,1200,1200,1199,1200,1200,1200,1200,5.263157844543457,0,0,0,0,0,25,26.3157901763916,0,0,33.333335876464844,28.571430206298828,15577.526306152344,127560.95025634766,101058.54327392578,130.94537353515625,16567197696,2147479552,2646507520,786432
199,1740651571787,1200,1200,800,800,1200,1200,1200,1199,1200,1200,1200,1200,30.000001907348633,5.263157844543457,0,0,28.571430206298828,5,11.111111640930176,30.000001907348633,0,0,0,0,15577.642944335938,127561.7777709961,101059.2017211914,130.94537353515625,16567197696,2147479552,2649264128,786432
199,1740651571987,1200,1200,800,800,1200,1200,1200,1199,1200,1200,1200,1200,35,35,0,0,25,0,10,4.761904716491699,0,0,0,15.000000953674316,15577.760314941406,127562.65447998047,101059.87030029297,130.94537353515625,16567197696,2147479552,2648674304,786432
199,1740651572187,1200,1200,800,800,1200,1200,1200,1199,1200,1200,1200,1200,15.789472579956055,30.000001907348633,0,9.523809432983398,21.052631378173828,0,10,0,26.3157901763916,0,0,5,15577.878540039063,127563.5014038086,101060.5396118164,130.94537353515625,16567197696,2147479552,2647588864,786432
199,1740651572387,1200,1200,800,800,1200,1200,1200,1199,1200,1200,1200,1200,4.761904716491699,33.333335876464844,0,0,15.789472579956055,0,0,40,0,0,0,21.052631378173828,15577.99365234375,127564.33056640625,101061.20672607422,130.94537353515625,16567197696,2147479552,2646331392,786432
199,1740651572587,1200,1200,800,800,1200,1200,1200,1199,1200,1200,1200,1200,35,15.789472579956055,0,0,23.809524536132813,0,30.000001907348633,10,0,0,0,14.285715103149414,15578.1103515625,127565.1597290039,101061.8646850586,130.94537353515625,16567197696,2147479552,2643570688,786432
199,1740651572787,1200,1200,800,800,1200,1200,1200,1199,1200,1200,1200,1200,10,20,0,0,16.666667938232422,0,60.000003814697266,5,0,0,0,0,15578.227722167969,127566.00708007813,101062.53759765625,130.94537353515625,16567197696,2147479552,2645344256,786432
199,1740651572987,1200,1200,800,800,1200,1200,1200,1199,1200,1200,1200,1200,0,28.571430206298828,0,0,25,0,9.523809432983398,57.894737243652344,0,0,0,0,15578.343933105469,127566.83276367188,101063.19458007813,130.94537353515625,16567197696,2147479552,2645245952,786432
199,1740651573188,1200,1200,800,800,1200,1200,1200,1199,1200,1200,1200,1200,47.36842346191406,5.263157844543457,0,0,15.789472579956055,10,31.57894515991211,0,0,0,0,0,15578.460205078125,127567.65490722656,101063.84851074219,130.94537353515625,16567197696,2147479552,2646425600,786432
199,1740651573388,1200,1200,800,800,1200,1200,1200,1199,1200,1200,1200,1200,45,10,45,0,0,0,0,5,0,0,21.052631378173828,0,15578.577575683594,127568.4926147461,101064.5146484375,130.94537353515625,16567197696,2147479552,2641760256,786432
199,1740651573588,1200,1200,800,800,1200,1200,1200,1199,1200,1200,1200,1200,30.000001907348633,31.57894515991211,5.263157844543457,0,0,0,0,30.000001907348633,0,0,25,5,15578.695678710938,127569.34185791016,101065.19317626953,130.94537353515625,16567197696,2147479552,2640850944,786432
199,1740651573788,1200,1200,800,800,1200,1200,1200,1199,1200,1200,1200,1200,47.36842346191406,5,28.571430206298828,0,0,0,0,10.526315689086914,0,0,15.000000953674316,0,15578.811401367188,127570.16442871094,101065.84698486328,130.94537353515625,16567197696,2147479552,2640207872,786432
199,1740651573988,1200,1200,800,800,1200,1200,1200,1199,1200,1200,1200,1200,40,30.000001907348633,0,0,0,0,0,19.047618865966797,15.000000953674316,0,21.052631378173828,0,15578.9287109375,127570.98962402344,101066.50201416016,130.94537353515625,16567197696,2147479552,2639716352,786432
199,1740651574188,1200,1200,800,800,1200,1200,1200,1199,1200,1200,1200,1200,5,10,0,0,0,28.571430206298828,10,26.3157901763916,15.000000953674316,0,26.3157901763916,0,15579.046142578125,127571.8251953125,101067.16729736328,130.94537353515625,16567197696,2147479552,2640879616,786432
199,1740651574388,1200,1200,800,800,1200,1200,1200,1199,1200,1200,1200,1200,30.000001907348633,25,0,0,0,26.3157901763916,0,19.047618865966797,0,0,15.789472579956055,0,15579.162963867188,127572.6489868164,101067.81896972656,130.94537353515625,16567197696,2147479552,2638258176,786432
199,1740651574588,1200,1200,800,800,1200,1200,1200,1199,1200,1200,1200,1200,30.000001907348633,25,0,0,0,26.3157901763916,0,19.047618865966797,0,0,15.789472579956055,0,15579.279663085938,127573.47644042969,101068.48028564453,130.94537353515625,16567197696,2147479552,2637221888,786432
199,1740651574788,1200,1200,800,800,1200,1200,1200,1199,1200,1200,1200,1200,30.000001907348633,7.317072868347168,17.5,0,0,0,0,5.128205299377441,5,20.512821197509766,20.512821197509766,12.820513725280762,15579.397521972656,127574.36193847656,101069.15075683594,130.94537353515625,16567197696,2147479552,2637692928,786432
199,1740651574988,1200,1200,800,800,1200,1200,1200,1199,1200,1200,1200,1200,25,26.3157901763916,10,0,0,0,0,25,0,9.523809432983398,25,0,15579.51416015625,127575.19061279297,101069.80987548828,130.94537353515625,16567197696,2147479552,2634780672,786432
199,1740651575188,1200,1200,800,800,1200,1200,1200,1199,1200,1200,1200,1200,10,25,35,0,0,0,0,30.000001907348633,0,0,15.000000953674316,0,15579.630432128906,127576.01330566406,101070.46398925781,130.94537353515625,16567197696,2147479552,2636271616,786432
199,1740651575389,1200,1200,800,800,1200,1200,1200,1199,1200,1200,1200,1200,5.263157844543457,0,0,0,0,0,0,21.052631378173828,52.6315803527832,10,26.3157901763916,0,15579.748107910156,127576.84100341797,101071.12219238281,130.94537353515625,16567197696,2147479552,2632556544,786432
199,1740651575589,1200,1200,800,800,1200,1200,1200,1199,1200,1200,1200,1200,5,0,0,0,0,0,10,70,4.761904716491699,10,21.052631378173828,4.761904716491699,15579.865173339844,127577.67950439453,101071.79028320313,130.94537353515625,16567197696,2147479552,2634231808,786432
199,1740651575789,1200,1200,800,800,1200,1200,1200,1199,1200,1200,1200,1200,5,0,0,0,0,28.571430206298828,25,10,25,5,20,0,15579.981872558594,127578.50115966797,101072.44445800781,130.94537353515625,16567197696,2147479552,2635444224,786432
199,1740651575989,1200,1200,800,800,1200,1200,1200,1199,1200,1200,1200,1200,5,0,0,0,0,28.571430206298828,25,10,25,5,20,0,15580.098327636719,127579.32543945313,101073.09753417969,130.94537353515625,16567197696,2147479552,2635522048,786432
199,1740651576189,1200,1200,800,800,1200,1200,1200,1199,1200,1200,1200,1200,10,30.76923179626465,22.5,0,0,0,0,17.5,0,0,20.512821197509766,12.5,15580.214904785156,127580.16131591797,101073.76483154297,130.94537353515625,16567197696,2147479552,2635927552,786432
199,1740651576389,1200,1200,800,800,1200,1200,1200,1199,1200,1200,1200,1200,21.052631378173828,0,0,0,0,0,0,35,26.3157901763916,0,21.052631378173828,10,15580.332153320313,127580.99237060547,101074.42626953125,130.94537353515625,16567197696,2147479552,2628919296,786432
199,1740651576589,1200,1200,800,800,1200,1200,1200,1199,1200,1200,1200,1200,19.047618865966797,0,30.000001907348633,4.761904716491699,4.761904716491699,4.761904716491699,0,5,4.761904716491699,10,20,47.36842346191406,15580.450805664063,127581.82305908203,101075.0835571289,130.94537353515625,16567197696,2147479552,2629263360,786432
199,1740651576789,1200,1200,800,800,1200,1200,1200,1199,1200,1200,1200,1200,5.263157844543457,0,30.000001907348633,0,0,0,0,10,5.263157844543457,35,21.052631378173828,9.523809432983398,15580.568054199219,127582.65686035156,101075.74865722656,130.94537353515625,16567197696,2147479552,2631458816,786432
199,1740651576989,1200,1200,800,800,1200,1200,1200,1199,1200,1200,1200,1200,5.263157844543457,0,30.000001907348633,0,0,0,0,10,5.263157844543457,35,21.052631378173828,9.523809432983398,15580.685302734375,127583.48669433594,101076.4077758789,130.94537353515625,16567197696,2147479552,2632159232,786432
199,1740651577190,1200,1200,800,800,1200,1200,1200,1199,1200,1200,1200,1200,22.5,40,5,2.5,0,0,0,24.390243530273438,0,2.5641026496887207,20.512821197509766,0,15580.80126953125,127584.35290527344,101077.06628417969,130.94537353515625,16567197696,2147479552,2632830976,786432
199,1740651577390,1200,1200,800,800,1200,1200,1200,1199,1200,1200,1200,1200,22.5,40,5,2.5,0,0,0,24.390243530273438,0,2.5641026496887207,20.512821197509766,0,15580.918518066406,127585.17950439453,101077.72198486328,130.94537353515625,16567197696,2147479552,2629914624,786432
199,1740651577590,1200,1200,800,800,1200,1200,1200,1199,1200,1200,1200,1200,2.5641026496887207,7.500000476837158,15.000000953674316,0,0,0,0,33.333335876464844,12.5,20,18.421052932739258,0,15581.035278320313,127586.01837158203,101078.39221191406,130.94537353515625,16567197696,2147479552,2630299648,786432
199,1740651577790,1200,1200,800,800,1200,1200,1200,1199,1200,1200,1200,1200,25,10,5.263157844543457,0,0,26.3157901763916,0,25,0,4.761904716491699,25,4.761904716491699,15581.152465820313,127586.85205078125,101079.05267333984,130.94537353515625,16567197696,2147479552,2629918720,786432
199,1740651577990,1200,1200,800,800,1200,1200,1200,1199,1200,1200,1200,1200,25,10,5.263157844543457,0,0,26.3157901763916,0,25,0,4.761904716491699,25,4.761904716491699,15581.268249511719,127587.66607666016,101079.70098876953,130.94537353515625,16567197696,2147479552,2630197248,786432
199,1740651578190,1200,1200,800,800,1200,1200,1200,1199,1200,1200,1200,1200,35,20.512821197509766,2.4390242099761963,2.4390242099761963,2.4390242099761963,0,0,20.512821197509766,0,5,20.512821197509766,12.820513725280762,15581.385498046875,127588.50482177734,101080.36834716797,130.94537353515625,16567197696,2147479552,2631708672,786432
199,1740651578390,1200,1200,800,800,1200,1200,1200,1199,1200,1200,1200,1200,36.842105865478516,30.000001907348633,0,0,26.3157901763916,4.761904716491699,21.052631378173828,4.761904716491699,4.761904716491699,0,0,0,15581.502990722656,127589.35705566406,101081.046875,130.94537353515625,16567197696,2147479552,2629545984,786432
199,1740651578590,1200,1200,800,800,1200,1200,1200,1199,1200,1200,1200,1200,28.571430206298828,9.523809432983398,0,0,28.571430206298828,10.526315689086914,15.789472579956055,25,0,0,0,0,15581.619201660156,127590.18914794922,101081.70959472656,130.9454345703125,16567197696,2147479552,2632118272,786432
199,1740651578790,1200,1200,800,800,1200,1200,1200,1199,1200,1200,1200,1200,26.3157901763916,5.263157844543457,0,0,26.3157901763916,0,21.052631378173828,15.000000953674316,0,0,0,15.000000953674316,15581.736450195313,127591.01904296875,101082.36993408203,130.9454345703125,16567197696,2147479552,2632306688,786432
199,1740651578990,1200,1200,800,800,1200,1200,1200,1199,1200,1200,1200,1200,0,4.761904716491699,0,0,25,10,20,15.789472579956055,0,35,10,5,15581.853332519531,127591.85217285156,101083.0341796875,130.9454345703125,16567197696,2147479552,2634563584,786432
199,1740651579191,1200,1200,800,800,1200,1200,1200,1199,1200,1200,1200,1200,10,26.3157901763916,0,0,0,25,20,4.761904716491699,0,0,5.263157844543457,21.052631378173828,15581.969665527344,127592.69604492188,101083.70861816406,130.9454345703125,16567197696,2147479552,2632876032,786432
199,1740651579391,1200,1200,800,800,1200,1200,1200,1199,1200,1200,1200,1200,5.263157844543457,35,0,0,0,30.000001907348633,10,15.789472579956055,4.761904716491699,0,15.789472579956055,0,15582.085998535156,127593.52416992188,101084.36791992188,130.9454345703125,16567197696,2147479552,2632839168,786432
199,1740651579591,1200,1200,800,800,1200,1200,1200,1199,1200,1200,1200,1200,28.571430206298828,0,5.263157844543457,0,0,0,0,55,0,10,25,0,15582.202758789063,127594.35955810547,101085.0337524414,130.9454345703125,16567197696,2147479552,2632065024,786432
199,1740651579791,1200,1200,800,800,1200,1200,1200,1199,1200,1200,1200,1200,0,0,30.000001907348633,0,0,5.263157844543457,0,50,0,0,21.052631378173828,0,15582.319946289063,127595.19171142578,101085.69616699219,130.9454345703125,16567197696,2147479552,2632896512,786432
199,1740651579991,1200,1200,800,800,1200,1200,1200,1199,1200,1200,1200,1200,52.6315803527832,15.789472579956055,9.523809432983398,0,0,0,0,30.000001907348633,0,0,15.789472579956055,9.090909004211426,15582.435791015625,127596.05798339844,101086.34802246094,130.9454345703125,16567197696,2147479552,2633293824,786432
199,1740651580191,1200,1200,800,800,1200,1200,1200,1199,1200,1200,1200,1200,52.6315803527832,15.789472579956055,9.523809432983398,0,0,0,0,30.000001907348633,0,0,15.789472579956055,9.090909004211426,15582.552490234375,127596.9223022461,101086.99975585938,130.9454345703125,16567197696,2147479552,2635038720,786432
199,1740651580391,1200,1200,800,800,1200,1200,1200,1199,1200,1200,1200,1200,17.948719024658203,10,2.5,0,2.4390242099761963,5,10.256410598754883,57.5,0,0,12.195121765136719,0,15582.669372558594,127597.7568359375,101087.6655883789,130.9454345703125,16567197696,2147479552,2630938624,786432
199,1740651580591,1200,1200,800,800,1200,1200,1200,1199,1200,1200,1200,1200,0,25,0,0,26.3157901763916,0,25,14.285715103149414,0,0,21.052631378173828,5.263157844543457,15582.785827636719,127598.59375,101088.333984375,130.9454345703125,16567197696,2147479552,2631921664,786432
199,1740651580791,1200,1200,800,800,1200,1200,1200,1199,1200,1200,1200,1200,19.047618865966797,55,0,0,0,0,30.000001907348633,0,0,0,15.000000953674316,0,15582.902038574219,127599.42095947266,101088.99249267578,130.9454345703125,16567197696,2147479552,2633560064,786432
199,1740651580992,1200,1200,800,800,1200,1200,1200,1199,1200,1200,1200,1200,15.789472579956055,5,0,0,0,30.000001907348633,5.263157844543457,35,0,4.761904716491699,25,0,15583.018981933594,127600.2583618164,101089.66088867188,130.9454345703125,16567197696,2147479552,2633932800,786432
199,1740651581192,1200,1200,800,800,1200,1200,1200,1199,1200,1200,1200,1200,20,10,0,0,0,0,10,35,30.000001907348633,5.263157844543457,15.789472579956055,0,15583.136047363281,127601.09411621094,101090.32733154297,130.9454345703125,16567197696,2147479552,2636099584,786432
199,1740651581392,1200,1200,800,800,1200,1200,1200,1199,1200,1200,1200,1200,0,25,0,0,0,31.57894515991211,15.789472579956055,25,5,0,0,0,15583.252136230469,127601.92779541016,101090.99145507813,130.9454345703125,16567197696,2147479552,2634530816,786432
199,1740651581592,1200,1200,800,800,1200,1200,1200,1199,1200,1200,1200,1200,45,0,0,0,0,0,20,14.285715103149414,30.000001907348633,10,0,10,15583.368713378906,127602.7455444336,101091.63995361328,130.9454345703125,16567197696,2147479552,2633375744,786432
199,1740651581792,1200,1200,800,800,1200,1200,1200,1199,1200,1200,1200,1200,10,35,0,0,0,40,16.666667938232422,5.263157844543457,0,0,0,0,15583.486145019531,127603.59356689453,101092.31359863281,130.9454345703125,16567197696,2147479552,2634801152,786432
199,1740651581992,1200,1200,800,800,1200,1200,1200,1199,1200,1200,1200,1200,30.000001907348633,4.761904716491699,0,0,4.761904716491699,4.761904716491699,25,20,25,4.761904716491699,5,10.526315689086914,15583.602905273438,127604.45977783203,101092.98406982422,130.9454345703125,16567197696,2147479552,2638413824,786432
199,1740651582192,1200,1200,800,800,1200,1200,1200,1199,1200,1200,1200,1200,30.000001907348633,4.761904716491699,0,0,4.761904716491699,4.761904716491699,25,20,25,4.761904716491699,5,10.526315689086914,15583.719543457031,127605.31762695313,101093.65600585938,130.9454345703125,16567197696,2147479552,2638753792,786432
199,1740651582392,1200,1200,800,800,1200,1200,1200,1199,1200,1200,1200,1200,2.5641026496887207,44.73684310913086,0,0,7.500000476837158,20.512821197509766,20.512821197509766,0,0,2.5641026496887207,0,17.5,15583.837280273438,127606.20892333984,101094.3369140625,130.9454345703125,16567197696,2147479552,2637647872,786432
199,1740651582593,1200,1200,800,800,1200,1200,1200,1199,1200,1200,1200,1200,30.000001907348633,30.000001907348633,0,5.263157844543457,20,10,20,0,0,0,0,0,15583.954284667969,127607.09881591797,101095.01690673828,130.9454345703125,16567197696,2147479552,2638495744,786432
199,1740651582793,1200,1200,800,800,1200,1200,1200,1199,1200,1200,1200,1200,30.000001907348633,25,0,10,0,0,36.842105865478516,0,0,0,10.526315689086914,0,15584.070495605469,127607.96905517578,101095.67559814453,130.9454345703125,16567197696,2147479552,2640793600,786432
199,1740651582993,1200,1200,800,800,1200,1200,1200,1199,1200,1200,1200,1200,36.842105865478516,5.263157844543457,0,0,0,0,4.761904716491699,25,0,0,21.052631378173828,28.571430206298828,15584.187133789063,127608.79663085938,101096.33380126953,130.9454345703125,16567197696,2147479552,2638864384,786432
199,1740651583193,1200,1200,800,800,1200,1200,1200,1199,1200,1200,1200,1200,35,5.263157844543457,0,0,0,0,0,50,0,4.761904716491699,25,0,15584.304443359375,127609.63220214844,101096.99597167969,130.9454345703125,16567197696,2147479552,2639085568,786432
199,1740651583393,1200,1200,800,800,1200,1200,1200,1199,1200,1200,1200,1200,9.523809432983398,0,35,0,0,0,0,50,0,0,20,4.761904716491699,15584.420654296875,127610.45715332031,101097.65686035156,130.9454345703125,16567197696,2147479552,2637107200,786432
199,1740651583593,1200,1200,800,800,1200,1200,1200,1199,1200,1200,1200,1200,5.263157844543457,4.761904716491699,20,0,0,0,0,0,9.523809432983398,35,15.789472579956055,26.3157901763916,15584.537109375,127611.2880859375,101098.31225585938,130.9454345703125,16567197696,2147479552,2636288000,786432
199,1740651583793,1200,1200,800,800,1200,1200,1200,1199,1200,1200,1200,1200,10,4.761904716491699,19.047618865966797,0,0,0,5,25,0,26.3157901763916,21.052631378173828,9.523809432983398,15584.654235839844,127612.11602783203,101098.97204589844,130.9454345703125,16567197696,2147479552,2634993664,786432
199,1740651583993,1200,1200,800,800,1200,1200,1200,1199,1200,1200,1200,1200,4.761904716491699,0,50,0,0,4.761904716491699,0,30.000001907348633,0,4.761904716491699,25,15.000000953674316,15584.770629882813,127612.94537353516,101099.63317871094,130.9454345703125,16567197696,2147479552,2636779520,786432
199,1740651584193,1200,1200,800,800,1200,1200,1200,1199,1200,1200,1200,1200,0,0,0,0,0,31.57894515991211,0,30.000001907348633,21.052631378173828,5.263157844543457,15.789472579956055,0,15584.886474609375,127613.76922607422,101100.28930664063,130.9454345703125,16567197696,2147479552,2636824576,786432
199,1740651584393,1200,1200,800,800,1200,1200,1200,1199,1200,1200,1200,1200,25,0,5,0,0,19.047618865966797,10,9.523809432983398,30.000001907348633,0,20,0,15585.003845214844,127614.5982055664,101100.9487915039,130.9454345703125,16567197696,2147479552,2636500992,786432
199,1740651584594,1200,1200,800,800,1200,1200,1200,1199,1200,1200,1200,1200,26.3157901763916,21.052631378173828,0,0,0,10.526315689086914,10.526315689086914,5.263157844543457,5.263157844543457,5,21.052631378173828,0,15585.120788574219,127615.43182373047,101101.61352539063,130.9454345703125,16567197696,2147479552,2638319616,786432
199,1740651584794,1200,1200,800,800,1200,1200,1200,1199,1200,1200,1200,1200,9.523809432983398,0,0,0,0,0,25,35,0,30.000001907348633,25,0,15585.237243652344,127616.25610351563,101102.27069091797,130.9454345703125,16567197696,2147479552,2638024704,786432
199,1740651584994,1200,1200,800,800,1200,1200,1200,1199,1200,1200,1200,1200,9.523809432983398,0,0,0,0,0,25,35,0,30.000001907348633,25,0,15585.353271484375,127617.07556152344,101102.919921875,130.9454345703125,16567197696,2147479552,2637979648,786432
199,1740651585194,1200,1200,800,800,1200,1200,1200,1199,1200,1200,1200,1200,13.1578950881958,0,0,0,4.878048419952393,7.317072868347168,17.5,30.76923179626465,5,26.829269409179688,10.256410598754883,0,15585.470581054688,127617.9575805664,101103.5869140625,130.9454345703125,16567197696,2147479552,2636963840,786432
199,1740651585394,1200,1200,800,800,1200,1200,1200,1199,1200,1200,1200,1200,13.636363983154297,9.523809432983398,0,5.263157844543457,0,42.105262756347656,25,0,25,0,9.523809432983398,0,15585.587707519531,127618.7900390625,101104.25073242188,130.9454345703125,16567197696,2147479552,2634629120,786432
199,1740651585594,1200,1200,800,800,1200,1200,1200,1199,1200,1200,1200,1200,5.263157844543457,55,0,0,0,0,21.052631378173828,5.263157844543457,0,0,21.052631378173828,0,15585.703979492188,127619.61889648438,101104.91137695313,130.9454345703125,16567197696,2147479552,2633043968,786432
199,1740651585794,1200,1200,800,800,1200,1200,1200,1199,1200,1200,1200,1200,55,5.263157844543457,0,4.761904716491699,0,35,15.789472579956055,0,0,0,0,0,15585.820129394531,127620.43701171875,101105.56463623047,130.9454345703125,16567197696,2147479552,2634354688,786432
199,1740651585994,1200,1200,800,800,1200,1200,1200,1199,1200,1200,1200,1200,35,10,0,0,0,9.523809432983398,25,5,0,9.523809432983398,0,35,15585.936889648438,127621.28619384766,101106.2407836914,130.9454345703125,16567197696,2147479552,2635927552,786432
199,1740651586194,1200,1200,800,800,1200,1200,1200,1199,1200,1200,1200,1200,0,0,0,0,26.3157901763916,30.000001907348633,25,30.000001907348633,0,5.263157844543457,0,0,15586.054138183594,127622.12811279297,101106.91082763672,130.9454345703125,16567197696,2147479552,2633986048,786432
199,1740651586394,1200,1200,800,800,1200,1200,1200,1199,1200,1200,1200,1200,0,4.761904716491699,0,0,28.571430206298828,40,10.526315689086914,25,4.761904716491699,10,0,0,15586.169799804688,127622.95904541016,101107.5737915039,130.9454345703125,16567197696,2147479552,2635612160,786432
199,1740651586595,1200,1200,800,800,1200,1200,1200,1199,1200,1200,1200,1200,0,0,0,0,0,31.57894515991211,21.052631378173828,45,0,14.285715103149414,0,0,15586.286193847656,127623.78411865234,101108.22943115234,130.9454345703125,16567197696,2147479552,2637000704,786432
199,1740651586795,1200,1200,800,800,1200,1200,1200,1199,1200,1200,1200,1200,30.000001907348633,30.000001907348633,0,0,0,0,21.052631378173828,14.285715103149414,0,15.000000953674316,10,10,15586.403442382813,127624.6142578125,101108.88934326172,130.9454345703125,16567197696,2147479552,2638757888,786432
199,1740651586995,1200,1200,800,800,1200,1200,1200,1199,1200,1200,1200,1200,0,78.94737243652344,0,0,0,0,25,0,5.263157844543457,0,5.263157844543457,0,15586.519470214844,127625.43975830078,101109.54498291016,130.9454345703125,16567197696,2147479552,2640797696,786432
199,1740651587195,1200,1200,800,800,1200,1200,1200,1199,1200,1200,1200,1200,0,9.523809432983398,28.571430206298828,0,0,26.3157901763916,0,10,15.000000953674316,0,28.571430206298828,0,15586.635864257813,127626.25970458984,101110.19622802734,130.9454345703125,16567197696,2147479552,2640011264,786432
199,1740651587395,1200,1200,800,800,1200,1200,1200,1199,1200,1200,1200,1200,0,0,15.000000953674316,0,0,28.571430206298828,5.263157844543457,15.789472579956055,21.052631378173828,26.3157901763916,5,0,15586.753112792969,127627.09173583984,101110.85852050781,130.9454345703125,16567197696,2147479552,2643800064,786432
199,1740651587595,1200,1200,800,800,1200,1200,1200,1199,1200,1200,1200,1200,0,0,10.526315689086914,0,0,0,0,50,28.571430206298828,0,21.052631378173828,0,15586.869445800781,127627.93322753906,101111.53173828125,130.9454345703125,16567197696,2147479552,2646355968,786432
199,1740651587795,1200,1200,800,800,1200,1200,1200,1199,1200,1200,1200,1200,5,0,15.000000953674316,0,0,0,0,55,16.666667938232422,30.000001907348633,0,5,15586.985961914063,127628.76965332031,101112.19439697266,130.9454345703125,16567197696,2147479552,2647904256,786432
199,1740651587995,1200,1200,800,800,1200,1200,1200,1199,1200,1200,1200,1200,5,0,15.000000953674316,0,0,0,0,55,16.666667938232422,30.000001907348633,0,5,15587.101501464844,127629.58776855469,101112.84698486328,130.9454345703125,16567197696,2147479552,2648305664,786432
199,1740651588195,1200,1200,800,800,1200,1200,1200,1199,1200,1200,1200,1200,0,0,0,0,0,0,7.142857551574707,45,22.5,10.256410598754883,20,17.5,15587.218994140625,127630.43090820313,101113.51721191406,130.9454345703125,16567197696,2147479552,2649395200,786432
199,1740651588396,1200,1200,800,800,1200,1200,1200,1199,1200,1200,1200,1200,10.526315689086914,0,5,0,0,0,0,55,0,23.809524536132813,5,30.000001907348633,15587.336120605469,127631.3203125,101114.19714355469,130.9454345703125,16567197696,2147479552,2648096768,786432
199,1740651588596,1200,1200,800,800,1200,1200,1200,1199,1200,1200,1200,1200,14.285715103149414,0,9.523809432983398,0,0,0,0,26.3157901763916,0,15.789472579956055,25,21.052631378173828,15587.452575683594,127632.14373779297,101114.84735107422,130.9454345703125,16567197696,2147479552,2647339008,786432
199,1740651588796,1200,1200,800,800,1200,1200,1200,1199,1200,1200,1200,1200,14.285715103149414,0,9.523809432983398,0,0,0,0,26.3157901763916,0,15.789472579956055,25,21.052631378173828,15587.568908691406,127632.98059082031,101115.517578125,130.9454345703125,16567197696,2147479552,2648420352,786432
199,1740651588996,1200,1200,800,800,1200,1200,1200,1199,1200,1200,1200,1200,36.842105865478516,0,2.5641026496887207,0,0,0,5.128205299377441,4.878048419952393,0,23.076923370361328,27.5,15.000000953674316,15587.686706542969,127633.84460449219,101116.18896484375,130.9454345703125,16567197696,2147479552,2645241856,786432
199,1740651589196,1200,1200,800,800,1200,1200,1200,1199,1200,1200,1200,1200,35,0,0,0,0,31.57894515991211,10,0,0,15.789472579956055,57.142860412597656,0,15587.802307128906,127634.7074584961,101116.85437011719,130.9454345703125,16567197696,2147479552,2646749184,786432
199,1740651589396,1200,1200,800,800,1200,1200,1200,1199,1200,1200,1200,1200,35,0,0,0,0,31.57894515991211,10,0,0,15.789472579956055,57.142860412597656,0,15587.919067382813,127635.56420898438,101117.52185058594,130.9454345703125,16567197696,2147479552,2650742784,786432
199,1740651589596,1200,1200,800,800,1200,1200,1200,1199,1200,1200,1200,1200,35,0,5,0,15.000000953674316,0,0,10.256410598754883,0,23.076923370361328,2.5641026496887207,27.5,15588.035888671875,127636.41979980469,101118.1904296875,130.9454345703125,16567197696,2147479552,2652499968,786432
199,1740651589796,1200,1200,800,800,1200,1200,1200,1199,1200,1200,1200,1200,36.842105865478516,0,0,0,0,0,0,5,0,20,55,4.761904716491699,15588.151733398438,127637.28088378906,101118.86462402344,130.9454345703125,16567197696,2147479552,2652356608,786432
199,1740651589996,1200,1200,800,800,1200,1200,1200,1199,1200,1200,1200,1200,36.842105865478516,0,0,0,0,0,0,5,0,20,55,4.761904716491699,15588.268127441406,127638.12866210938,101119.52435302734,130.9454345703125,16567197696,2147479552,2654081024,786432
199,1740651590197,1200,1200,800,800,1200,1200,1200,1199,1200,1200,1200,1200,22.5,0,32.5,4.878048419952393,0,0,0,0,0,21.95121955871582,17.948719024658203,20.512821197509766,15588.384704589844,127638.98358154297,101120.1918334961,130.9454345703125,16567197696,2147479552,2655883264,786432
199,1740651590397,1200,1200,800,800,1200,1200,1200,1199,1200,1200,1200,1200,0,5,5.263157844543457,57.894737243652344,0,0,0,0,0,16.666667938232422,9.523809432983398,23.809524536132813,15588.502136230469,127639.9019165039,101120.85485839844,130.9454345703125,16567197696,2147479552,2655236096,786432
199,1740651590597,1200,1200,800,800,1200,1200,1200,1199,1200,1200,1200,1200,35,0,25,5,0,4.761904716491699,0,30.000001907348633,0,20,5.263157844543457,0,15588.618957519531,127640.75476074219,101121.51098632813,130.9454345703125,16567197696,2147479552,2654457856,786432
199,1740651590797,1200,1200,800,800,1200,1200,1200,1199,1200,1200,1200,1200,35,0,25,5,0,4.761904716491699,0,30.000001907348633,0,20,5.263157844543457,0,15588.735290527344,127641.60827636719,101122.17559814453,130.9454345703125,16567197696,2147479552,2655342592,786432
199,1740651590997,1200,1200,800,800,1200,1200,1200,1199,1200,1200,1200,1200,32.5,0,32.5,0,0,0,0,5.128205299377441,0,23.076923370361328,17.5,5.128205299377441,15588.852783203125,127642.46459960938,101122.83978271484,130.9454345703125,16567197696,2147479552,2654863360,786432
199,1740651591197,1200,1200,800,800,1200,1200,1200,1199,1200,1200,1200,1200,52.6315803527832,0,0,0,0,0,0,38.095237731933594,0,16.666667938232422,0,0,15588.969055175781,127643.31378173828,101123.50225830078,130.9454345703125,16567197696,2147479552,2654748672,786432
199,1740651591397,1200,1200,800,800,1200,1200,1200,1199,1200,1200,1200,1200,52.6315803527832,0,0,0,0,0,0,38.095237731933594,0,16.666667938232422,0,0,15589.085571289063,127644.15502929688,101124.15502929688,130.9454345703125,16567197696,2147479552,2652237824,786432
199,1740651591597,1200,1200,800,800,1200,1200,1200,1199,1200,1200,1200,1200,15.000000953674316,0,7.500000476837158,0,7.692307949066162,4.878048419952393,15.000000953674316,12.5,0,17.948719024658203,2.4390242099761963,41.46341323852539,15589.202514648438,127645.01159667969,101124.82434082031,130.9454345703125,16567197696,2147479552,2651127808,786432
199,1740651591797,1200,1200,800,800,1200,1200,1200,1199,1200,1200,1200,1200,0,0,70,0,0,0,0,15.000000953674316,0,25,5.263157844543457,0,15589.319580078125,127645.87707519531,101125.50219726563,130.9454345703125,16567197696,2147479552,2652061696,786432
199,1740651591998,1200,1200,800,800,1200,1200,1200,1199,1200,1200,1200,1200,42.105262756347656,0,0,0,0,0,0,30.000001907348633,0,21.052631378173828,25,0,15589.435424804688,127646.7232055664,101126.16119384766,130.9454345703125,16567197696,2147479552,2654941184,786432
199,1740651592198,1200,1200,800,800,1200,1200,1200,1199,1200,1200,1200,1200,42.105262756347656,0,0,0,0,0,0,30.000001907348633,0,21.052631378173828,25,0,15589.5517578125,127647.54852294922,101126.8119506836,130.9454345703125,16567197696,2147479552,2656747520,786432
199,1740651592398,1200,1200,800,800,1200,1200,1200,1199,1200,1200,1200,1200,22.5,15.000000953674316,2.5,5,0,2.5641026496887207,25.641027450561523,0,0,10,35,0,15589.668395996094,127648.38494873047,101127.48010253906,130.9454345703125,16567197696,2147479552,2655330304,786432
199,1740651592598,1200,1200,800,800,1200,1200,1200,1199,1200,1200,1200,1200,15.000000953674316,25,0,20,28.571430206298828,0,25,0,0,0,0,5,15589.785095214844,127649.22839355469,101128.15405273438,130.9454345703125,16567197696,2147479552,2652221440,786432
199,1740651592798,1200,1200,800,800,1200,1200,1200,1199,1200,1200,1200,1200,80,0,0,0,0,5.263157844543457,15.000000953674316,4.761904716491699,0,0,0,10,15589.901000976563,127650.06140136719,101128.8189086914,130.9454345703125,16567197696,2147479552,2652553216,786432
199,1740651592998,1200,1200,800,800,1200,1200,1200,1199,1200,1200,1200,1200,0,10,0,0,40,19.047618865966797,16.666667938232422,0,0,0,0,26.3157901763916,15590.0185546875,127650.89569091797,101129.47924804688,130.9454345703125,16567197696,2147479552,2650112000,786432
199,1740651593198,1200,1200,800,800,1200,1200,1200,1199,1200,1200,1200,1200,9.523809432983398,25,0,0,5,20,28.571430206298828,30.000001907348633,0,0,0,9.523809432983398,15590.135681152344,127651.73010253906,101130.14538574219,130.9454345703125,16567197696,2147479552,2651557888,786432
199,1740651593398,1200,1200,800,800,1200,1200,1200,1199,1200,1200,1200,1200,75,0,0,0,0,5,0,5.263157844543457,0,21.052631378173828,0,4.761904716491699,15590.252014160156,127652.54943847656,101130.79656982422,130.9454345703125,16567197696,2147479552,2649235456,786432
199,1740651593598,1200,1200,800,800,1200,1200,1200,1199,1200,1200,1200,1200,75,0,0,0,0,5,0,5.263157844543457,0,21.052631378173828,0,4.761904716491699,15590.368591308594,127653.3681640625,101131.44561767578,130.9454345703125,16567197696,2147479552,2648903680,786432
199,1740651593798,1200,1200,800,800,1200,1200,1200,1199,1200,1200,1200,1200,26.3157901763916,19.047618865966797,0,10,25,0,21.052631378173828,0,0,0,15.000000953674316,0,15590.485656738281,127654.20477294922,101132.11291503906,130.9454345703125,16567197696,2147479552,2648911872,786432
199,1740651593999,1200,1200,800,800,1200,1200,1200,1199,1200,1200,1200,1200,5,5.263157844543457,0,0,26.3157901763916,0,21.052631378173828,30.000001907348633,0,0,25,0,15590.602416992188,127655.08917236328,101132.79193115234,130.9454345703125,16567197696,2147479552,2649841664,786432
199,1740651594199,1200,1200,800,800,1200,1200,1200,1199,1200,1200,1200,1200,0,9.523809432983398,0,0,52.38095474243164,0,20,28.571430206298828,5.263157844543457,0,0,0,15590.718994140625,127655.92370605469,101133.45501708984,130.9454345703125,16567197696,2147479552,2649477120,786432
199,1740651594399,1200,1200,800,800,1200,1200,1200,1199,1200,1200,1200,1200,10,0,0,0,36.842105865478516,0,15.000000953674316,42.105262756347656,0,14.285715103149414,0,0,15590.836303710938,127656.75762939453,101134.1187133789,130.9454345703125,16567197696,2147479552,2647994368,786432
199,1740651594599,1200,1200,800,800,1200,1200,1200,1199,1200,1200,1200,1200,10,0,0,0,13.636363983154297,28.571430206298828,0,45,0,25,0,0,15590.953308105469,127657.59326171875,101134.77996826172,130.9454345703125,16567197696,2147479552,2646749184,786432
199,1740651594799,1200,1200,800,800,1200,1200,1200,1199,1200,1200,1200,1200,10,0,0,0,0,0,0,55,0,16.666667938232422,5,25,15591.069519042969,127658.4208984375,101135.43963623047,130.9454345703125,16567197696,2147479552,2646204416,786432
199,1740651594999,1200,1200,800,800,1200,1200,1200,1199,1200,1200,1200,1200,10,0,0,0,0,0,0,55,0,16.666667938232422,5,25,15591.18603515625,127659.24328613281,101136.09265136719,130.9454345703125,16567197696,2147479552,2645909504,786432
199,1740651595199,1200,1200,800,800,1200,1200,1200,1199,1200,1200,1200,1200,30.000001907348633,0,0,0,10,0,10,31.57894515991211,0,21.052631378173828,10,9.523809432983398,15591.303039550781,127660.06744384766,101136.74810791016,130.9454345703125,16567197696,2147479552,2646618112,786432
192,1740651595407,1200,1200,800,800,1200,1200,1200,1199,1200,1200,1200,1200,23.809524536132813,5,36.3636360168457,9.523809432983398,0,4.545454502105713,0,9.523809432983398,0,21.052631378173828,0,20,15591.425231933594,127660.9418334961,101137.44055175781,130.9454345703125,16567197696,2147479552,2643320832,786432
199,1740651595600,1200,1200,800,800,1200,1200,1200,1199,1200,1200,1200,1200,23.809524536132813,5,36.3636360168457,9.523809432983398,0,4.545454502105713,0,9.523809432983398,0,21.052631378173828,0,20,15591.536437988281,127661.7680053711,101138.0659790039,130.9454345703125,16567197696,2147479552,2641059840,786432
199,1740651595800,1200,1200,800,800,1200,1200,1200,1199,1200,1200,1200,1200,15.384615898132324,0,5.263157844543457,0,0,12.820513725280762,0,10,17.948719024658203,18.91891860961914,17.948719024658203,17.5,15591.652954101563,127662.6010131836,101138.7294921875,130.9454345703125,16567197696,2147479552,2642792448,786432
199,1740651596000,1200,1200,800,800,1200,1200,1200,1199,1200,1200,1200,1200,42.105262756347656,0,50,0,0,0,0,0,0,21.052631378173828,0,5,15591.769409179688,127663.43017578125,101139.3892211914,130.9454345703125,16567197696,2147479552,2644283392,786432
199,1740651596200,1200,1200,800,800,1200,1200,1200,1199,1200,1200,1200,1200,4.761904716491699,0,9.523809432983398,10,0,0,0,25,0,25,28.571430206298828,25,15591.886474609375,127664.26379394531,101140.04821777344,130.9454345703125,16567197696,2147479552,2647023616,786432
199,1740651596400,1200,1200,800,800,1200,1200,1200,1199,1200,1200,1200,1200,4.761904716491699,0,9.523809432983398,10,0,0,0,25,0,25,28.571430206298828,25,15592.002380371094,127665.08563232422,101140.70428466797,130.9454345703125,16567197696,2147479552,2643353600,786432
199,1740651596600,1200,1200,800,800,1200,1200,1200,1199,1200,1200,1200,1200,12.820513725280762,0,45,7.692307949066162,0,7.692307949066162,2.4390242099761963,2.5,0,20,5,17.948719024658203,15592.119873046875,127665.93371582031,101141.3773803711,130.9454345703125,16567197696,2147479552,2644070400,786432
199,1740651596800,1200,1200,800,800,1200,1200,1200,1199,1200,1200,1200,1200,10,4.761904716491699,25,0,0,0,0,4.761904716491699,0,21.052631378173828,35,25,15592.236999511719,127666.77233886719,101142.04724121094,130.9454345703125,16567197696,2147479552,2646589440,786432
199,1740651597000,1200,1200,800,800,1200,1200,1200,1199,1200,1200,1200,1200,25,0,5.263157844543457,9.523809432983398,0,0,0,0,0,20,25,25,15592.35302734375,127667.60150146484,101142.70806884766,130.9454345703125,16567197696,2147479552,2647908352,786432
199,1740651597200,1200,1200,800,800,1200,1200,1200,1199,1200,1200,1200,1200,26.3157901763916,0,0,0,0,9.523809432983398,0,52.6315803527832,0,15.789472579956055,5,5.263157844543457,15592.469543457031,127668.41381835938,101143.35083007813,130.9454345703125,16567197696,2147479552,2644856832,786432
199,1740651597400,1200,1200,800,800,1200,1200,1200,1199,1200,1200,1200,1200,35,0,45,0,0,0,0,10,0,25,0,13.636363983154297,15592.586486816406,127669.24365234375,101144.01208496094,130.9454345703125,16567197696,2147479552,2644561920,786432
199,1740651597601,1200,1200,800,800,1200,1200,1200,1199,1200,1200,1200,1200,20,0,4.761904716491699,26.3157901763916,0,0,0,20,0,21.052631378173828,25,0,15592.703491210938,127670.07427978516,101144.6723022461,130.9454345703125,16567197696,2147479552,2643185664,786432
199,1740651597801,1200,1200,800,800,1200,1200,1200,1199,1200,1200,1200,1200,55,0,0,5,0,0,5.263157844543457,0,0,15.789472579956055,0,25,15592.819274902344,127670.8862915039,101145.31665039063,130.9454345703125,16567197696,2147479552,2643353600,786432
199,1740651598001,1200,1200,800,800,1200,1200,1200,1199,1200,1200,1200,1200,55,0,0,5,0,0,5.263157844543457,0,0,15.789472579956055,0,25,15592.93603515625,127671.7162475586,101145.97491455078,130.9454345703125,16567197696,2147479552,2642305024,786432
199,1740651598201,1200,1200,800,800,1200,1200,1200,1199,1200,1200,1200,1200,17.948719024658203,0,30.76923179626465,15.000000953674316,0,0,0,2.5641026496887207,0,21.052631378173828,15.000000953674316,15.000000953674316,15593.053649902344,127672.55395507813,101146.64349365234,130.9454345703125,16567197696,2147479552,2640728064,786432
199,1740651598401,1200,1200,800,800,1200,1200,1200,1199,1200,1200,1200,1200,30.000001907348633,0,0,5,0,26.3157901763916,4.761904716491699,25,0,25,9.523809432983398,0,15593.170593261719,127673.3861694336,101147.30029296875,130.9454345703125,16567197696,2147479552,2640543744,786432
199,1740651598601,1200,1200,800,800,1200,1200,1200,1199,1200,1200,1200,1200,15.000000953674316,0,9.523809432983398,0,22.22222328186035,0,0,45,0,19.047618865966797,0,0,15593.287292480469,127674.20056152344,101147.94989013672,130.9454345703125,16567197696,2147479552,2639523840,786432
199,1740651598801,1200,1200,800,800,1200,1200,1200,1199,1200,1200,1200,1200,10,5,10,0,0,25,0,28.571430206298828,0,16.666667938232422,25,4.761904716491699,15593.404602050781,127675.03515625,101148.61004638672,130.9454345703125,16567197696,2147479552,2641637376,786432
199,1740651599001,1200,1200,800,800,1200,1200,1200,1199,1200,1200,1200,1200,5.263157844543457,0,25,5.263157844543457,0,0,0,15.789472579956055,0,25,35,0,15593.521362304688,127675.86352539063,101149.26940917969,130.9454345703125,16567197696,2147479552,2641756160,786432
199,1740651599202,1200,1200,800,800,1200,1200,1200,1199,1200,1200,1200,1200,9.523809432983398,0,10,0,0,0,0,25,0,20,10,55,15593.638122558594,127676.7339477539,101149.93194580078,130.9454345703125,16567197696,2147479552,2640859136,786432
199,1740651599402,1200,1200,800,800,1200,1200,1200,1199,1200,1200,1200,1200,9.523809432983398,0,10,0,0,0,0,25,0,20,10,55,15593.755126953125,127677.55700683594,101150.5830078125,130.9454345703125,16567197696,2147479552,2637885440,786432
199,1740651599602,1200,1200,800,800,1200,1200,1200,1199,1200,1200,1200,1200,20.512821197509766,0,12.820513725280762,4.878048419952393,17.073171615600586,31.707317352294922,0,7.317072868347168,0,21.052631378173828,2.5641026496887207,0,15593.872009277344,127678.38562011719,101151.24346923828,130.9454345703125,16567197696,2147479552,2638868480,786432
199,1740651599802,1200,1200,800,800,1200,1200,1200,1199,1200,1200,1200,1200,30.000001907348633,0,0,5.263157844543457,0,50,0,5.263157844543457,0,25,4.761904716491699,0,15593.988647460938,127679.21667480469,101151.90539550781,130.9454345703125,16567197696,2147479552,2640343040,786432
199,1740651600002,1200,1200,800,800,1200,1200,1200,1199,1200,1200,1200,1200,15.000000953674316,0,5,0,0,0,0,25,0,15.000000953674316,57.894737243652344,0,15594.105407714844,127680.0355834961,101152.55578613281,130.94598388671875,16567197696,2147479552,2638962688,786432
199,1740651600202,1200,1200,800,800,1200,1200,1200,1199,1200,1200,1200,1200,26.3157901763916,0,9.523809432983398,30.000001907348633,28.571430206298828,0,0,5,0,21.052631378173828,0,0,15594.222778320313,127680.8734741211,101153.21124267578,130.9483642578125,16567197696,2147479552,2641031168,786432
192,1740651600410,1200,1200,800,800,1200,1200,1200,1199,1200,1200,1200,1200,14.285715103149414,0,0,0,4.761904716491699,0,0,57.142860412597656,0,23.809524536132813,4.761904716491699,14.285715103149414,15594.344543457031,127681.73681640625,101153.89465332031,130.9483642578125,16567197696,2147479552,2639691776,786432
199,1740651600602,1200,1200,800,800,1200,1200,1200,1199,1200,1200,1200,1200,14.285715103149414,0,0,0,4.761904716491699,0,0,57.142860412597656,0,23.809524536132813,4.761904716491699,14.285715103149414,15594.456909179688,127682.59149169922,101154.52673339844,130.9483642578125,16567197696,2147479552,2639433728,786432
199,1740651600802,1200,1200,800,800,1200,1200,1200,1199,1200,1200,1200,1200,2.5641026496887207,0,21.95121955871582,0,2.5641026496887207,0,0,42.105262756347656,5,21.052631378173828,10,17.948719024658203,15594.573547363281,127683.43286132813,101155.1748046875,130.9483642578125,16567197696,2147479552,2639482880,786432
199,1740651601002,1200,1200,800,800,1200,1200,1200,1199,1200,1200,1200,1200,26.3157901763916,5.263157844543457,0,35,0,0,21.052631378173828,0,0,0,15.789472579956055,5.263157844543457,15594.690490722656,127684.26611328125,101155.83905029297,130.9483642578125,16567197696,2147479552,2635513856,786432
199,1740651601203,1200,1200,800,800,1200,1200,1200,1199,1200,1200,1200,1200,28.571430206298828,47.619049072265625,0,0,10,5.263157844543457,21.052631378173828,4.761904716491699,0,0,0,0,15594.807312011719,127685.09521484375,101156.50030517578,130.9483642578125,16567197696,2147479552,2633445376,786432
199,1740651601403,1200,1200,800,800,1200,1200,1200,1199,1200,1200,1200,1200,50,0,0,0,5,30.000001907348633,15.789472579956055,10,0,0,0,0,15594.923034667969,127685.91912841797,101157.1557006836,130.9483642578125,16567197696,2147479552,2635177984,786432
199,1740651601603,1200,1200,800,800,1200,1200,1200,1199,1200,1200,1200,1200,9.523809432983398,5.263157844543457,0,0,5.263157844543457,5,23.809524536132813,65,0,0,0,10,15595.0400390625,127686.75207519531,101157.82019042969,130.9483642578125,16567197696,2147479552,2634330112,786432
199,1740651601803,1200,1200,800,800,1200,1200,1200,1199,1200,1200,1200,1200,10,0,0,0,0,0,16.666667938232422,42.105262756347656,0,35,9.523809432983398,4.761904716491699,15595.157409667969,127687.5814819336,101158.48095703125,130.9483642578125,16567197696,2147479552,2632888320,786432
199,1740651602003,1200,1200,800,800,1200,1200,1200,1199,1200,1200,1200,1200,0,30.000001907348633,0,0,61.904762268066406,0,21.052631378173828,14.285715103149414,0,0,0,0,15595.27490234375,127688.42193603516,101159.146484375,130.9483642578125,16567197696,2147479552,2636365824,786432
199,1740651602203,1200,1200,800,800,1200,1200,1200,1199,1200,1200,1200,1200,10,0,0,0,35,5,15.789472579956055,42.105262756347656,0,0,0,0,15595.391052246094,127689.23754882813,101159.79833984375,130.9483642578125,16567197696,2147479552,2637012992,786432
199,1740651602403,1200,1200,800,800,1200,1200,1200,1199,1200,1200,1200,1200,0,4.761904716491699,0,0,33.333335876464844,10,25,15.000000953674316,30.000001907348633,10.526315689086914,0,0,15595.508544921875,127690.07824707031,101160.46502685547,130.9483642578125,16567197696,2147479552,2636840960,786432
199,1740651602603,1200,1200,800,800,1200,1200,1200,1199,1200,1200,1200,1200,0,0,0,0,5.263157844543457,30.000001907348633,25,25,0,20,5.263157844543457,0,15595.6259765625,127690.92053222656,101161.1376953125,130.9483642578125,16567197696,2147479552,2635571200,786432
199,1740651602803,1200,1200,800,800,1200,1200,1200,1199,1200,1200,1200,1200,15.000000953674316,0,0,0,28.571430206298828,0,15.789472579956055,9.523809432983398,0,0,10,47.619049072265625,15595.742004394531,127691.7417602539,101161.79119873047,130.9483642578125,16567197696,2147479552,2634964992,786432
199,1740651603003,1200,1200,800,800,1200,1200,1200,1199,1200,1200,1200,1200,10,28.571430206298828,0,0,0,0,20,0,0,0,20,40,15595.858337402344,127692.56884765625,101162.4486694336,130.9483642578125,16567197696,2147479552,2636906496,786432
199,1740651603204,1200,1200,800,800,1200,1200,1200,1199,1200,1200,1200,1200,26.3157901763916,26.3157901763916,0,0,5.263157844543457,0,21.052631378173828,5.263157844543457,0,0,20,0,15595.975036621094,127693.40521240234,101163.1156616211,130.9483642578125,16567197696,2147479552,2637078528,786432
199,1740651603404,1200,1200,800,800,1200,1200,1200,1199,1200,1200,1200,1200,0,0,0,0,0,0,21.052631378173828,0,0,9.523809432983398,10,78.94737243652344,15596.091186523438,127694.2348022461,101163.77716064453,130.9483642578125,16567197696,2147479552,2638483456,786432
199,1740651603604,1200,1200,800,800,1200,1200,1200,1199,1200,1200,1200,1200,0,0,4.761904716491699,0,55,0,20,5,0,20,0,27.272727966308594,15596.207275390625,127695.052734375,101164.42584228516,130.9483642578125,16567197696,2147479552,2639159296,786432
199,1740651603804,1200,1200,800,800,1200,1200,1200,1199,1200,1200,1200,1200,9.523809432983398,5.263157844543457,0,0,10,0,21.052631378173828,0,0,5.263157844543457,26.3157901763916,31.57894515991211,15596.32421875,127695.88861083984,101165.0923461914,130.9483642578125,16567197696,2147479552,2641973248,786432
199,1740651604004,1200,1200,800,800,1200,1200,1200,1199,1200,1200,1200,1200,35,30.000001907348633,0,0,30.000001907348633,0,25,0,0,0,4.761904716491699,0,15596.440856933594,127696.73010253906,101165.76403808594,130.9483642578125,16567197696,2147479552,2639380480,786432
199,1740651604204,1200,1200,800,800,1200,1200,1200,1199,1200,1200,1200,1200,10,52.38095474243164,0,0,30.000001907348633,0,15.789472579956055,10,0,0,0,0,15596.556640625,127697.55310058594,101166.41931152344,130.9483642578125,16567197696,2147479552,2639925248,786432
199,1740651604404,1200,1200,800,800,1200,1200,1200,1199,1200,1200,1200,1200,25,55,0,0,0,15.000000953674316,20,0,0,0,0,0,15596.673461914063,127698.38555908203,101167.08221435547,130.9483642578125,16567197696,2147479552,2639552512,786432
199,1740651604604,1200,1200,800,800,1200,1200,1200,1199,1200,1200,1200,1200,26.3157901763916,0,0,0,10.526315689086914,52.6315803527832,21.052631378173828,0,0,5,0,0,15596.790771484375,127699.21759033203,101167.74127197266,130.9483642578125,16567197696,2147479552,2639179776,786432
199,1740651604804,1200,1200,800,800,1200,1200,1200,1199,1200,1200,1200,1200,4.761904716491699,0,0,0,23.809524536132813,0,30.000001907348633,5.555555820465088,0,20,0,35,15596.907775878906,127700.1030883789,101168.41796875,130.9483642578125,16567197696,2147479552,2636791808,786432
199,1740651605005,1200,1200,800,800,1200,1200,1200,1199,1200,1200,1200,1200,0,0,0,0,0,35,14.285715103149414,57.142860412597656,0,15.000000953674316,0,0,15597.0234375,127700.91918945313,101169.06518554688,130.9483642578125,16567197696,2147479552,2635567104,786432
199,1740651605205,1200,1200,800,800,1200,1200,1200,1199,1200,1200,1200,1200,10,0,35,0,0,0,0,33.333335876464844,10,21.052631378173828,0,5.263157844543457,15597.140625,127701.75378417969,101169.73022460938,130.9483642578125,16567197696,2147479552,2636484608,786432
199,1740651605405,1200,1200,800,800,1200,1200,1200,1199,1200,1200,1200,1200,30.000001907348633,0,0,0,0,26.3157901763916,22.22222328186035,5.263157844543457,0,25,0,4.761904716491699,15597.257446289063,127702.5952758789,101170.40338134766,130.9483642578125,16567197696,2147479552,2637238272,786432
199,1740651605605,1200,1200,800,800,1200,1200,1200,1199,1200,1200,1200,1200,26.3157901763916,0,4.761904716491699,0,0,0,60.000003814697266,0,0,20,0,5,15597.373413085938,127703.46435546875,101171.06018066406,130.9483642578125,16567197696,2147479552,2637496320,786432
199,1740651605805,1200,1200,800,800,1200,1200,1200,1199,1200,1200,1200,1200,26.3157901763916,0,4.761904716491699,0,0,0,60.000003814697266,0,0,20,0,5,15597.489990234375,127704.27893066406,101171.70617675781,130.9483642578125,16567197696,2147479552,2636369920,786432
199,1740651606005,1200,1200,800,800,1200,1200,1200,1199,1200,1200,1200,1200,14.285715103149414,0,31.57894515991211,10,0,0,9.523809432983398,0,0,21.052631378173828,35,4.761904716491699,15597.607849121094,127705.11486816406,101172.36779785156,130.9483642578125,16567197696,2147479552,2638626816,786432
199,1740651606205,1200,1200,800,800,1200,1200,1200,1199,1200,1200,1200,1200,5.263157844543457,0,25,0,0,0,0,5.263157844543457,0,21.052631378173828,55,0,15597.724548339844,127705.9384765625,101173.02313232422,130.9483642578125,16567197696,2147479552,2638778368,786432
199,1740651606405,1200,1200,800,800,1200,1200,1200,1199,1200,1200,1200,1200,21.052631378173828,5,0,0,0,0,26.3157901763916,15.000000953674316,26.3157901763916,20,0,0,15597.841125488281,127706.75421142578,101173.6693725586,130.9483642578125,16567197696,2147479552,2631806976,786432
199,1740651606605,1200,1200,800,800,1200,1200,1200,1199,1200,1200,1200,1200,21.052631378173828,5,0,0,0,0,26.3157901763916,15.000000953674316,26.3157901763916,20,0,0,15597.958312988281,127707.58093261719,101174.32525634766,130.9483642578125,16567197696,2147479552,2635907072,786432
199,1740651606805,1200,1200,800,800,1200,1200,1200,1199,1200,1200,1200,1200,20,2.4390242099761963,2.4390242099761963,2.5,0,2.4390242099761963,20,5,4.878048419952393,17.948719024658203,28.947368621826172,17.5,15598.075500488281,127708.4136352539,101174.98999023438,130.9483642578125,16567197696,2147479552,2633834496,786432
199,1740651607005,1200,1200,800,800,1200,1200,1200,1199,1200,1200,1200,1200,20,2.4390242099761963,2.4390242099761963,2.5,0,2.4390242099761963,20,5,4.878048419952393,17.948719024658203,28.947368621826172,17.5,15598.191833496094,127709.24114990234,101175.6480102539,130.9483642578125,16567197696,2147479552,2635288576,786432
199,1740651607206,1200,1200,800,800,1200,1200,1200,1199,1200,1200,1200,1200,20,10.526315689086914,0,0,0,2.5,17.948719024658203,12.820513725280762,0,25,5,17.073171615600586,15598.308044433594,127710.05480957031,101176.2925415039,130.9483642578125,16567197696,2147479552,2634059776,786432
199,1740651607406,1200,1200,800,800,1200,1200,1200,1199,1200,1200,1200,1200,5.263157844543457,38.095237731933594,0,0,9.523809432983398,0,22.22222328186035,10,25,0,0,5.263157844543457,15598.425354003906,127710.88232421875,101176.95202636719,130.9483642578125,16567197696,2147479552,2632818688,786432
199,1740651607606,1200,1200,800,800,1200,1200,1200,1199,1200,1200,1200,1200,0,26.3157901763916,0,0,55,10,23.809524536132813,5.263157844543457,0,0,0,0,15598.541748046875,127711.71398925781,101177.61462402344,130.9483642578125,16567197696,2147479552,2632544256,786432
199,1740651607806,1200,1200,800,800,1200,1200,1200,1199,1200,1200,1200,1200,26.3157901763916,50,0,0,0,0,16.666667938232422,14.285715103149414,0,4.761904716491699,9.523809432983398,0,15598.657775878906,127712.54461669922,101178.27740478516,130.9483642578125,16567197696,2147479552,2633711616,786432
199,1740651608006,1200,1200,800,800,1200,1200,1200,1199,1200,1200,1200,1200,19.047618865966797,10,0,4.761904716491699,0,0,20,0,0,0,5.263157844543457,61.904762268066406,15598.774353027344,127713.36938476563,101178.93194580078,130.9483642578125,16567197696,2147479552,2634592256,786432
199,1740651608206,1200,1200,800,800,1200,1200,1200,1199,1200,1200,1200,1200,15.000000953674316,0,4.761904716491699,0,5.263157844543457,4.761904716491699,50,5,0,5.555555820465088,5,22.22222328186035,15598.892028808594,127714.20520019531,101179.59490966797,130.9483642578125,16567197696,2147479552,2636386304,786432
199,1740651608406,1200,1200,800,800,1200,1200,1200,1199,1200,1200,1200,1200,0,57.142860412597656,4.761904716491699,0,0,0,0,36.842105865478516,0,0,21.052631378173828,0,15599.0087890625,127715.03820800781,101180.25994873047,130.9483642578125,16567197696,2147479552,2631229440,786432
199,1740651608606,1200,1200,800,800,1200,1200,1200,1199,1200,1200,1200,1200,0,47.36842346191406,22.22222328186035,0,0,5,0,15.000000953674316,0,4.761904716491699,15.000000953674316,0,15599.124633789063,127715.85375976563,101180.90643310547,130.9483642578125,16567197696,2147479552,2629980160,786432
199,1740651608807,1200,1200,800,800,1200,1200,1200,1199,1200,1200,1200,1200,5,5,4.761904716491699,14.285715103149414,0,5,42.85714340209961,30.000001907348633,0,0,21.052631378173828,0,15599.241455078125,127716.67901611328,101181.56311035156,130.9483642578125,16567197696,2147479552,2630717440,786432
199,1740651609007,1200,1200,800,800,1200,1200,1200,1199,1200,1200,1200,1200,5.263157844543457,0,4.761904716491699,10.526315689086914,0,25,26.3157901763916,0,10,5,25,0,15599.3583984375,127717.5121459961,101182.22760009766,130.9483642578125,16567197696,2147479552,2631184384,786432
199,1740651609207,1200,1200,800,800,1200,1200,1200,1199,1200,1200,1200,1200,0,0,22.22222328186035,0,0,26.3157901763916,0,33.333335876464844,0,10,21.052631378173828,0,15599.474548339844,127718.33312988281,101182.88000488281,130.9483642578125,16567197696,2147479552,2630496256,786432
199,1740651609407,1200,1200,800,800,1200,1200,1200,1199,1200,1200,1200,1200,14.285715103149414,0,4.761904716491699,0,0,0,0,20,26.3157901763916,45,19.047618865966797,0,15599.591003417969,127719.15032958984,101183.52819824219,130.9483642578125,16567197696,2147479552,2627502080,786432
199,1740651609607,1200,1200,800,800,1200,1200,1200,1199,1200,1200,1200,1200,0,0,0,10,0,0,31.57894515991211,21.052631378173828,10,10,21.052631378173828,10,15599.707763671875,127719.96923828125,101184.17846679688,130.9483642578125,16567197696,2147479552,2629496832,786432
199,1740651609807,1200,1200,800,800,1200,1200,1200,1199,1200,1200,1200,1200,0,0,10,0,0,0,0,38.095237731933594,20,35,21.052631378173828,0,15599.824645996094,127720.79571533203,101184.83563232422,130.9483642578125,16567197696,2147479552,2630447104,786432
199,1740651610007,1200,1200,800,800,1200,1200,1200,1199,1200,1200,1200,1200,0,0,0,28.571430206298828,0,0,0,0,5.263157844543457,60.000003814697266,23.809524536132813,4.761904716491699,15599.941345214844,127721.62219238281,101185.48913574219,130.9483642578125,16567197696,2147479552,2631823360,786432
199,1740651610207,1200,1200,800,800,1200,1200,1200,1199,1200,1200,1200,1200,10,10,5.263157844543457,26.3157901763916,10,35,19.047618865966797,5.263157844543457,5,26.3157901763916,21.052631378173828,5,15600.068664550781,127722.64501953125,101186.28338623047,130.9483642578125,16567197696,2147479552,2632388608,786432
199,1740651610408,1200,1200,800,800,1200,1200,1200,1199,1200,1200,1200,1200,11.111111640930176,5,30.000001907348633,25,0,15.000000953674316,10,14.285715103149414,0,33.333335876464844,15.789472579956055,10.526315689086914,15600.199645996094,127723.67785644531,101187.06646728516,130.9483642578125,16567197696,2147479552,2629324800,786432
199,1740651610608,1200,1200,800,800,1200,1200,1200,1199,1200,1200,1200,1200,65,10.526315689086914,0,5.263157844543457,5,10,10.526315689086914,20,10,14.285715103149414,26.3157901763916,5,15600.331359863281,127724.71374511719,101187.8530883789,130.9483642578125,16567197696,2147479552,2630647808,786432
199,1740651610808,1200,1200,800,800,1200,1200,1200,1199,1200,1200,1200,1200,65,10.526315689086914,0,5.263157844543457,5,10,10.526315689086914,20,10,14.285715103149414,26.3157901763916,5,15600.464172363281,127725.76654052734,101188.6558227539,130.9483642578125,16567197696,2147479552,2632757248,786432
199,1740651611008,1200,1200,800,800,1200,1200,1200,1199,1200,1200,1200,1200,5,30.000001907348633,2.6315789222717285,17.5,2.5641026496887207,10.256410598754883,7.500000476837158,22.5,17.948719024658203,2.6315789222717285,17.948719024658203,37.5,15600.592346191406,127726.78009033203,101189.42181396484,130.9483642578125,16567197696,2147479552,2632974336,786432
199,1740651611208,1200,1200,800,800,1200,1200,1200,1199,1200,1200,1200,1200,26.3157901763916,10.526315689086914,33.333335876464844,10.526315689086914,0,5.555555820465088,0,5.263157844543457,0,10,30.000001907348633,0,15600.717224121094,127727.77716064453,101190.1714477539,130.9483642578125,16567197696,2147479552,2634371072,786432
199,1740651611408,1200,1200,800,800,1200,1200,1200,1199,1200,1200,1200,1200,0,36.3636360168457,0,5,0,19.047618865966797,20,0,38.095237731933594,5,15.789472579956055,4.761904716491699,15600.841064453125,127728.76721191406,101190.9140625,130.9483642578125,16567197696,2147479552,2635804672,786432
0,1740651611608,1200,1200,800,800,1200,1200,1200,1199,1200,1200,1200,1200,5,0,5,20,10,9.523809432983398,42.105262756347656,10,16.666667938232422,35,26.3157901763916,0,15600.971008300781,127729.80615234375,101191.70483398438,130.9483642578125,16567197696,2147479552,2635239424,786432
